,time,targetX,endEffectorX,targetY,endEffectorY,targetZ,endEffectorZ
0,7.552,2.722818386702563,-0.0,-0.8217313636344022,0.03913006493497154,7.344134314771021,9.039386740696473
1,7.7620000000000005,2.7187479430973394,-0.0,-0.7084621970915294,0.03913006493497154,7.341066123038999,9.039386740696473
2,7.945,2.7135078040968303,-0.0,-0.6219600106975026,0.03913006493497154,7.338976090587072,9.039386740696473
3,8.126,2.7143907976341572,-0.0,-0.5478209090896015,0.03913006493497154,7.336916173876527,9.039386740696473
4,8.305,2.713507804096831,-0.0,-0.46956077921965844,0.03913006493497154,7.3348044580908045,9.039386740696473
5,8.491,2.7131632800154177,-0.0,-0.5148228291229244,-0.15652025973988612,7.332433746929195,9.039386740696473
6,8.682,2.7120285188801354,0.6710461772569433,-0.5148228291229244,-0.15652025973988612,7.332619259896109,9.078860045240999
7,8.843,2.703947863152453,0.6710461772569433,-0.5148228291229244,-0.1173901948049146,7.332433746929194,9.078860045240999
8,9.027,2.6915124712209,0.6710461772569433,-0.5148228291229244,-0.1565202597398861,7.318379332740933,9.078860045240999
9,9.22,2.6646648900934626,-0.0,-0.5148228291229244,-0.1565202597398861,7.313231950223879,8.56570708616216
10,9.41,2.642553912770624,0.8684126999795738,-0.5148228291229244,-0.1173901948049146,7.295119138726947,8.013080822538795
11,9.614,2.5805371688570107,1.0657792227022043,0.19813297253251774,-0.1173901948049146,7.252820977640767,7.85518760436069
12,9.786,2.5773834484194627,1.1841991363357827,0.23149526971736986,-0.15652025973988612,7.249667257203219,7.776240995271639
13,9.974,2.551159865453466,1.1841991363357827,0.2889138156239933,-0.15652025973988615,7.238219661589004,7.776240995271639
14,10.155,2.509407401601132,1.1447258317912563,0.36882904406570977,-0.15652025973988615,7.222588387181967,7.697294386182587
15,10.322,2.4733974073155633,1.2236724408803088,0.3978219287872726,-0.15652025973988615,7.197562206093328,7.657821081638061
16,10.488,2.4204635710028324,1.3026190499693608,0.48912581168714403,-0.19565032467485766,7.172909460197829,7.578874472549008
17,10.685,2.3804770942251525,1.5394588772365174,0.6041575507350223,0.0,7.153688389418029,7.618347777093534
18,10.861,2.3279793338476367,1.421038963602939,0.6738603672100678,0.0,7.1226860406095,7.736767690727112
19,11.047,2.2683598029480496,1.421038963602939,0.754714201335344,0.03913006493497153,7.098439254907832,7.697294386182587
20,11.261,2.2152139518159877,1.421038963602939,0.8754981841207636,0.07826012986994306,7.070430410792696,7.697294386182587
21,11.444,2.1617271904914785,1.4999855726919915,0.9256920934045667,0.1173901948049146,7.048321842729167,7.618347777093534
22,11.62,2.093077755695841,1.5394588772365172,0.9978166558417741,0.11739019480491461,7.024013620915082,7.657821081638059
23,11.811,2.0437276926075967,1.4999855726919915,1.095641818179203,0.15652025973988612,6.991680156337456,7.618347777093534
24,11.983,1.9828384820513334,1.5394588772365172,1.1762974226054066,0.19565032467485766,6.959711694545383,7.578874472549008
25,12.154,1.909399439746265,1.5394588772365172,1.2325970454516033,0.2347803896098292,6.932620778227578,7.578874472549008
26,12.342,1.7489740900327422,1.6184054863255695,1.2717271103865748,0.27391045454480073,6.861035660961998,7.460454558915431
27,12.523,1.6896436702504243,1.6184054863255695,1.3762693935510062,0.31304051947977224,6.833295449259993,7.460454558915431
28,12.71,1.669181830925677,1.6184054863255695,1.4183943987587102,0.3521705844147438,6.823912588874944,7.460454558915431
29,12.898,1.5365545151376143,1.6184054863255695,1.472376167111536,0.39130064934971526,6.767560013600501,7.3815079498263785
30,13.084,1.5244467824722996,1.6184054863255695,1.5151639282408378,0.4304307142846868,6.759732330100429,7.3815079498263785
31,13.259,1.3767652098820844,1.6184054863255695,1.5885327999939094,0.4695607792196584,6.690725120297172,7.342034645281852
32,13.433,1.3030165777556064,1.6184054863255695,1.6434627272688043,0.5478209090896015,6.660767185399777,7.302561340737326
33,13.608,1.2157194758960872,1.5394588772365172,1.6630277597362901,0.586950974024573,6.621820304014612,7.2630880361928
34,13.79,1.1486420828006028,1.5394588772365172,1.741287889606233,0.6260810389595444,6.581462801303104,7.2630880361928
35,13.985,1.0637132828433828,1.5394588772365172,1.7943179165725485,0.6652111038945161,6.5291300751883625,7.223614731648273
36,14.154,0.9869843969497185,1.5394588772365172,1.8043977773548996,0.7043411688294876,6.49073491418532,7.223614731648273
37,14.341,3.0394444499285087,1.5394588772365172,1.8632254259416763,0.7434712337644591,6.809145033930751,7.223614731648273
38,14.531,2.960497840839456,1.4605122681474652,1.8955488084386192,0.7826012986994306,6.80914503393075,7.144668122559221
39,14.716,2.960497840839456,1.4605122681474652,1.9442954020882306,0.8608614285693738,6.80914503393075,7.105194818014695
40,14.876,2.842077927205878,1.381565659058413,1.9606780119772345,0.8608614285693738,6.80914503393075,7.105194818014696
41,15.041,2.842077927205878,1.3815656590584129,1.9876897938628868,0.8999914935043452,6.80914503393075,7.065721513470169
42,15.204,2.842077927205878,1.3420923545138868,1.9875464952852435,0.8999914935043452,6.80914503393075,7.026248208925643
43,15.372,2.842077927205878,1.3420923545138868,2.0246035074636506,0.9391215584393167,6.80914503393075,6.986774904381117
44,15.556000000000001,2.842077927205878,1.3420923545138868,2.0392235448476494,0.9782516233742883,6.80914503393075,6.986774904381117
45,15.756,2.842077927205878,1.855245313592726,2.045058185267335,0.9782516233742883,6.80914503393075,6.986774904381117
46,15.936,0.06873134961219729,1.8157720090482001,2.0553088101880443,1.0173816883092597,6.392142000048153,6.947301599836591
47,16.106,0.002551405609903145,1.8157720090482001,2.071737992114782,1.0565117532442314,6.351778474188367,6.947301599836591
48,16.285,-0.07169473856420942,1.8157720090482001,2.0717439628888505,1.095641818179203,6.303213829635371,6.947301599836591
49,16.456,-0.12901222219253877,1.855245313592726,2.0757921477072574,1.1347718831141744,6.263043044520433,6.907828295292065
50,16.632,0.06195169391222801,1.8552453135927256,2.06560361883686,1.173901948049146,5.849724972753365,6.947301599836591
51,16.803,2.1315584454044085,1.8552453135927258,2.0627603362254656,1.2130320129841174,6.80914503393075,7.065721513470169
52,16.997,2.1384971122188756,2.3683982726715653,2.044825325078666,1.252162077919089,6.8157729062941526,7.026248208925643
53,17.169,2.0891615046864946,2.01313853177083,2.03476337661852,1.252162077919089,6.812093967326898,7.026248208925644
54,17.337,2.047568051948659,1.4605122681474652,2.0231717158420373,1.2912921428540605,6.814924847016829,6.789408381658487
55,17.528,-0.5796629716066826,1.381565659058413,1.9790632194887954,1.3304222077890322,6.1009986725502,6.74993507711396
56,17.705,-0.6551763861781597,1.3026190499693606,1.9638592404009025,1.2912921428540605,6.070058964483746,6.710461772569434
57,17.883,-0.5643220129465709,1.1841991363357824,1.9348520258215751,1.2912921428540605,5.619706963224114,6.55256855439133
58,18.073,-0.6656855752909052,1.3026190499693608,1.8677823207107151,1.3304222077890318,5.553552316444581,6.631515163480383
59,18.258,1.7422353917410527,1.421038963602939,1.848441789348203,1.3304222077890318,6.804640923649622,6.710461772569434
60,18.429,1.7422353917410527,1.3026190499693606,1.8028955305992787,1.3304222077890322,6.804640923649622,6.710461772569434
61,18.589,1.6578787908700956,1.3026190499693606,1.775666412537535,1.3695522727240033,6.80914503393075,6.789408381658486
62,18.745,1.6578787908700956,1.855245313592726,1.7373650910432636,1.4478124025939465,6.80914503393075,6.710461772569435
63,18.929,1.5724850038659342,1.0263059181576781,1.6431821008875875,1.2912921428540605,6.80914503393075,6.55256855439133
64,19.1,1.499985572691991,0.9473593090686261,1.5672863975487488,1.3304222077890322,6.80914503393075,6.552568554391331
65,19.272,1.499985572691991,0.9078860045241,1.5205232950446752,1.3304222077890322,6.80914503393075,6.55256855439133
66,19.446,1.499985572691991,0.7894660908905218,1.4579006224599937,1.3304222077890322,6.80914503393075,6.592041858935856
67,19.609,1.3815656590584129,1.6578787908700956,1.4201677186570387,1.3304222077890322,6.8486183384752755,6.592041858935856
68,19.8,1.3447533814224215,1.6184054863255695,1.3382104854839139,1.3304222077890322,6.837662231760418,6.552568554391329
69,19.968,1.305149976875124,1.539458877236517,1.2649574467477698,1.3304222077890322,6.841186978131795,6.592041858935856
70,20.143,-1.8037738976815165,1.6184054863255695,1.1446367960300619,1.3304222077890322,5.4481183104950235,6.592041858935857
71,20.322,-1.8401982845685048,1.6184054863255695,1.065126386070186,1.2912921428540605,5.431726914775498,6.592041858935857
72,20.506,-1.9539285749540412,1.578932181781043,1.0029515215406382,1.2912921428540607,5.393098055619331,6.6315151634803815
73,20.691,-2.0131385317708306,1.5789321817810433,0.8828565660827171,1.2912921428540605,5.368369418055548,6.670988468024909
74,20.847,-2.081979502681659,1.4999855726919913,0.7957728262944238,1.252162077919089,5.348632765783284,6.631515163480382
75,21.027,-2.1315584454044085,1.4999855726919913,0.7405837674249584,1.3695522727240037,5.328896113511021,6.631515163480382
76,21.197,-2.1433300863958973,1.4999855726919913,0.5855012700807541,1.3695522727240037,5.3237330708084505,6.670988468024908
77,21.382,-2.1861811724938556,1.4605122681474652,0.5380694408810144,1.3695522727240035,5.313746690966101,6.670988468024908
78,21.553,-2.2648434889842592,0.43420634998978697,0.41932507451737616,1.3695522727240033,5.307222416753053,6.710461772569435
79,21.731,-2.2995573017607365,0.23683982726715647,0.2630066269410036,1.3304222077890318,5.289917911754818,6.710461772569434
80,21.918,-2.3385608007396996,0.039473304544526085,0.2133166509885774,1.3304222077890318,5.272485716013125,6.710461772569435
81,22.091,-2.3881349249438277,-0.19736652272263044,0.18579018837822495,1.2912921428540605,5.249949504421969,6.749935077113961
82,22.268,-2.4305920971445065,-0.3552597409007348,0.07826012986994306,1.2521620779190892,5.241936307954983,6.749935077113961
83,22.448,-2.4722710785878674,-0.5526262636233652,-0.037301813915213186,1.1739019480491462,5.225023307594719,6.710461772569435
84,22.619,-2.505756169115949,-0.7499927863459955,-0.1971895902297032,1.095641818179203,5.217530511138818,6.710461772569435
85,22.799,-2.5699858177063297,-0.8684126999795739,-0.2835532546653419,1.0565117532442316,5.201448705240704,6.749935077113961
86,22.988,-2.5813490892446755,-0.9868326136131521,-0.42960316499880014,1.0173816883092597,5.198027557019681,6.749935077113961
87,23.166,-2.5975609951455616,-0.9868326136131521,-0.49348925337636496,0.9391215584393167,5.194846130100062,6.749935077113961
88,23.345,-2.644711404483248,-1.2631457454248347,-0.6147067143591538,0.8999914935043453,5.1907395476051805,6.710461772569435
89,23.536,-2.660887171494475,-1.3420923545138868,-0.7195427596077525,0.7826012986994306,5.190576922601716,6.710461772569435
90,23.703,-2.676915973687757,-1.421038963602939,-0.8496733921199185,0.7043411688294876,5.183409376152744,6.670988468024908
91,23.883,-2.676915973687757,-1.421038963602939,-0.9744124156482771,0.5869509740245729,5.183409376152744,6.670988468024908
92,24.058,-2.688491260045434,-1.6578787908700954,-1.0852240115845773,0.50869084415463,5.18961201424783,6.6315151634803815
93,24.258,-2.68868400079028,-1.7762987045036736,-1.2138679213537,0.35217058441474375,5.1907395476051805,6.631515163480382
94,24.434,-2.693909684234926,-1.7762987045036736,-1.273605515908508,0.27391045454480073,5.193415030069578,6.631515163480382
95,24.585,-2.6977910009842687,-1.894718618137252,-1.4382663290133142,0.1173901948049146,5.2037724358457575,6.592041858935856
96,24.753,-2.6934627666328135,-1.9341919226817779,-1.5382242518479923,0.0,5.207570633148885,6.592041858935856
97,24.933,-2.6693219883408124,-2.131558445404409,-1.6484339937581927,-0.15652025973988612,5.228205939143995,6.513095249846804
98,25.102,-2.6550435130366656,-2.249978359037987,-1.7629522462361844,-0.31304051947977224,5.23961739586855,6.473621945302278
99,25.278,-2.634929811682297,-2.2894516635825126,-1.7999829870086905,-0.4304307142846868,5.254288580440321,6.473621945302277
100,25.439,-2.626729897618741,-2.2894516635825126,-1.8445333206429975,-0.4304307142846868,5.263802745457798,6.473621945302277
101,25.625,-2.60537663234908,-2.3683982726715653,-1.9770761458788162,-0.7043411688294875,5.271848466925476,6.434148640757751
102,25.821,-2.5820297049999144,-2.4473448817606176,-2.0393572901867825,-0.8217313636344022,5.287320730218016,6.394675336213226
103,26.039,-2.554541260895863,-2.4868181863051437,-2.225348096573707,-1.0565117532442312,5.306235825065371,6.3946753362132265
104,26.179,-2.4766029268282885,-2.565764795394195,-2.312433030516814,-1.2130320129841174,5.348632765783285,6.3552020316687
105,26.362,-2.4276082294883543,-2.565764795394195,-2.359567515167946,-1.2130320129841174,5.368369418055547,6.3552020316687
106,26.548000000000002,-2.421501961765691,-2.6052380999387217,-2.460333880811491,-1.4086823376589752,5.370320918097116,6.315728727124173
107,26.758,-2.38019400625616,-2.6052380999387217,-2.528314726045196,-1.4086823376589752,5.394639981578101,6.315728727124173
108,26.943,-2.3250400374887303,-2.6052380999387217,-2.5885431182284306,-1.5652025973988613,5.422295869204237,6.276255422579648
109,27.128,-2.247046290457012,-2.6052380999387217,-2.6766036766543224,-1.79998298700869,5.45826370145187,6.236782118035122
110,27.3,-2.190768402221198,-2.6052380999387217,-2.714002217109444,-1.79998298700869,5.486789331689126,6.236782118035122
111,27.483,-2.0620103568859247,-2.5657647953941956,-2.799710290552367,-2.073893441553491,5.545999288505914,6.236782118035121
112,27.657,-2.0504808464551494,-2.526291490849669,-2.8472866124845635,-2.073893441553491,5.5601512776962565,6.1973088134905945
113,27.828,-1.9830637477968729,-2.526291490849669,-2.869261449366074,-2.113023506488463,5.585472593050441,6.1973088134905945
114,28.021,-1.8175741350125132,-2.4868181863051433,-2.915189837655379,-2.1521535714234346,5.66155338818956,6.157835508946069
115,28.216,-1.7340162036030127,-2.447344881760617,-2.9727039159470974,-2.30867383116332,5.6966213620846915,6.118362204401543
116,28.416,-1.636247256150062,-2.407871577216091,-3.002532709038243,-2.2695437662283484,5.7388327898356915,6.197308813490595
117,28.596,-1.5482888126097893,-2.3289249681270388,-3.064852066300247,-2.386933961033263,5.779140902731333,6.157835508946069
118,28.783,-1.4458326511681074,-2.249978359037987,-3.116918410331915,-2.465194090903206,5.825915467616569,6.197308813490595
119,29.004,-1.3488708055842007,-2.210505054493461,-3.191187674814508,-2.582584285708121,5.863623989716094,6.118362204401543
120,29.186,-1.2388543884259222,-2.1315584454044085,-3.1975095303981798,-2.582584285708121,5.913258345402988,6.15783550894607
121,29.385,-1.1409697965260637,-1.9736652272263038,-3.1975095303981798,-2.739104545448007,5.947524035947698,6.157835508946069
122,29.583,-1.121121113695859,-1.9736652272263038,-3.1975095303981798,-2.7782346103829783,5.965439288181163,6.157835508946069
123,29.766,-1.001662809299421,-1.8157720090482,-3.1975095303981798,-2.8564947402529217,6.01100922341111,6.15783550894607
124,29.96,-0.9051334257617636,-1.7368253999591479,-3.1975095303981798,-2.8564947402529217,6.057658506812195,6.15783550894607
125,30.141,-0.7766331711727228,-1.6184054863255692,-3.1975095303981798,-2.9347548701228647,6.1075735412087715,6.118362204401543
126,30.35,-0.6525466796406627,-1.499985572691991,-3.1975095303981798,-2.8956248051878934,6.160806125676013,6.157835508946069
127,30.57,-0.5473632366594054,-1.3420923545138865,-3.1975095303981798,-2.9347548701228647,6.205691831261755,6.157835508946069
128,30.76,-0.28768242649830483,-1.1052525272467304,-3.1975095303981798,-2.9347548701228647,6.3104139010850355,6.197308813490596
129,30.926,-0.15352402641836935,-1.0263059181576781,-3.1975095303981798,-2.8956248051878934,6.362722534606672,6.1973088134905945
130,31.109,-0.022362744920794132,-0.9078860045240998,-3.1975095303981798,-2.8956248051878934,6.417038081134019,6.197308813490595
131,31.319,0.08698389814914366,-0.8289393954350478,-3.1975095303981798,-2.9347548701228647,6.460386679279612,6.236782118035122
132,31.487,0.19397067172436938,-0.6710461772569435,-3.1975095303981798,-2.9347548701228647,6.502727002403728,6.197308813490595
133,31.671,0.24212333293525623,-0.6710461772569435,-3.1975095303981798,-2.9347548701228647,6.521510792618656,6.197308813490595
134,31.864,0.37061033659808873,-0.5920995681678913,-3.1975095303981798,-2.9347548701228647,6.5740748076272135,6.197308813490595
135,32.042,0.49996949213135083,-0.5131529590788391,-3.1975095303981798,-2.9347548701228647,6.625139058714935,6.1973088134905945
136,32.224,0.5819927253600125,-0.3552597409007347,-3.1975095303981798,-2.8956248051878934,6.655893253814475,6.1973088134905945
137,32.424,0.8449188078124629,-0.11841991363357825,-3.1975095303981798,-2.8564947402529217,6.752902079954938,6.197308813490595
138,32.61,0.9401917626196535,0.07894660908905217,-3.1975095303981798,-2.8564947402529217,6.79591579105636,6.236782118035122
139,32.784,0.9620329028997072,0.07894660908905217,-3.1975095303981798,-2.8564947402529217,6.804081975489567,6.197308813490595
140,32.947,1.0647902217552117,0.07894660908905217,-3.4434457142774946,-2.8564947402529217,6.844781593023179,6.236782118035122
141,33.136,1.2801551161575224,0.39473304544526083,-3.4434457142774946,-2.7782346103829787,6.916399235289449,6.1973088134905945
142,33.344,1.389559581450914,0.5131529590788391,-2.553712010622741,-2.7782346103829783,6.961513820509697,6.1973088134905945
143,33.524,1.4134919588125505,0.5526262636233652,-2.5277045129354003,-2.7782346103829783,6.967038252108854,6.197308813490595
144,33.714,1.5031814551674743,0.5526262636233652,-2.4707481049416753,-2.7391045454480074,7.004666064021476,6.197308813490595
145,33.903,1.591562723716754,0.6710461772569435,-2.39791540869995,-2.7782346103829787,7.037905410099881,6.197308813490595
146,34.087,1.7762987045036736,0.8289393954350478,-2.338187367383652,-2.7782346103829787,7.102079645726117,6.15783550894607
147,34.262,1.872876273227543,0.9868326136131521,-2.3028176959569877,-2.504324155838178,7.130464334293703,6.118362204401544
148,34.43,1.9477885776010306,0.9868326136131521,-2.2158247119345345,-2.465194090903206,7.159046582124757,6.118362204401544
149,34.612,1.9629307723680194,0.9078860045240998,-2.9934499675253226,-2.386933961033263,7.168806491591912,6.197308813490595
150,34.817,2.0348146377881093,0.9868326136131521,-2.0943899147756544,-2.386933961033263,7.191957064307266,6.315728727124174
151,35.001,2.102976197573355,1.0263059181576781,-1.937882790738719,-2.230413701293377,7.214252349967364,6.355202031668699
152,35.187,2.245344148754088,1.1447258317912565,-1.8973221283369477,-2.230413701293377,7.26120038152296,6.394675336213226
153,35.371,2.2537380081921454,1.1447258317912565,-1.8574289984760282,-2.152153571423434,7.2630880361928,6.394675336213226
154,35.536,2.3028098018300183,1.1841991363357824,-1.7377818510732412,-2.30867383116332,7.277690556874219,6.473621945302277
155,35.714,2.3656408753906075,1.1841991363357827,-1.6630277597362901,-2.073893441553491,7.299803943456369,6.434148640757751
156,35.882,2.432025606434301,1.3026190499693608,-1.5778749682817323,-2.0347633766185194,7.312381481687246,6.394675336213226
157,36.074,2.4820285787957124,1.4210389636029392,-1.4921454000521623,-1.9565032467485763,7.329467948717872,6.2762554225796485
158,36.257,2.520311709240812,1.460512268147465,-1.4460175879089716,-1.917373181813605,7.345971374995337,6.434148640757752
159,36.431,2.6022361628377406,1.6184054863255697,-1.336943487226589,-1.79998298700869,7.363681840187405,6.434148640757752
160,36.605,2.6052380999387217,1.6578787908700956,-1.2619207110565582,-1.7608529220737188,7.361771297554115,6.473621945302278
161,36.776,2.6289994198893067,1.6578787908700956,-1.168962923739727,-1.7217228571387473,7.368565408809947,6.473621945302278
162,36.946,2.681812793236509,1.7762987045036736,-1.1161884459035412,-1.6434627272688045,7.377159236770782,6.473621945302278
163,37.128,2.703921361300037,1.7762987045036742,-1.041749611437404,-1.604332662333833,7.381507949826378,6.513095249846804
164,37.311,2.703921361300037,1.7762987045036742,-0.9370353699798016,-1.5652025973988613,7.381507949826378,6.513095249846804
165,37.515,2.7181251495655556,1.7762987045036742,-0.8991257312644204,-1.5652025973988613,7.381507949826378,6.513095249846804
166,37.672,2.7361427953197204,1.8157720090482001,-0.7784802704373888,-1.4086823376589752,7.377631451595656,6.55256855439133
167,37.867,2.7361427953197204,1.8947186181372517,-0.6404073142593751,-1.330422207789032,7.377631451595656,6.55256855439133
168,38.027,2.73905558982621,1.8947186181372517,-0.586950974024573,-1.330422207789032,7.374804185794692,6.55256855439133
169,38.213,2.736914962928761,1.8947186181372517,-0.48860874265281656,-1.2521620779190892,7.369196634749319,6.55256855439133
170,38.383,2.727941676626509,1.934191922681778,-0.4345517425467286,-1.173901948049146,7.36064978734504,6.55256855439133
171,38.564,2.7143907976341572,1.9736652272263044,-0.3820793858784064,-1.1347718831141744,7.336916173876527,6.55256855439133
172,38.748,2.6992329426816504,1.9736652272263044,-0.27803148280684253,-1.056511753244231,7.326986411627975,6.55256855439133
173,38.939,2.6970561768945416,2.052611836315356,-0.15652025973988615,-1.0173816883092597,7.322297993009589,6.552568554391329
174,39.12,2.6796914404135443,2.052611836315356,-0.11275567997298636,-0.9391215584393167,7.307964104741299,6.552568554391329
175,39.308,2.624974752210985,2.0131385317708306,-0.021984390120020316,-0.8999914935043452,7.2828246884650625,6.631515163480382
176,39.492,2.624974752210985,2.0526118363153563,0.05155405161659518,-0.8217313636344024,7.2828246884650625,6.592041858935856
177,39.68,2.606110251809151,2.0526118363153563,0.13933995443533792,-0.7826012986994307,7.267558416843579,6.592041858935856
178,39.851,2.5712579066223156,2.0526118363153563,0.2339146273699044,-0.7043411688294875,7.248260249765842,6.592041858935856
179,40.028,2.5386064198156943,2.0526118363153563,0.30274809914058404,-0.6652111038945161,7.236547635627462,6.592041858935856
180,40.189,2.451981501303827,2.0526118363153563,0.3978219287872726,-0.586950974024573,7.209622958202086,6.592041858935856
181,40.355,3.9473304544526084,2.0920851408598824,0.5311624494386354,-0.5478209090896015,7.203878079376009,6.631515163480382
182,40.545,3.9473304544526084,2.0920851408598824,0.5972433943637612,-0.46956077921965833,7.203878079376009,6.631515163480382
183,40.727,3.9473304544526084,2.052611836315356,0.665211103894516,-0.4304307142846868,7.203878079376009,6.6315151634803815
184,40.901,2.3351541080745415,2.052611836315356,0.7239062012969734,-0.3521705844147438,7.172817908344027,6.6315151634803815
185,41.088,2.3274794125406912,2.052611836315356,0.7947613771672288,-0.2739104545448007,7.167718711013185,6.6315151634803815
186,41.268,2.28480058848344,2.052611836315356,0.8595430816550605,-0.11739019480491458,7.162939945170653,6.6315151634803815
187,41.471,2.2218032760304207,2.052611836315356,0.9664963633883307,-0.07826012986994306,7.151302018070901,6.6315151634803815
188,41.648,2.013597495669496,2.3683982726715653,1.0032417011603645,0.03913006493497152,6.992348725796141,6.473621945302278
189,41.847,2.014131146606789,2.407871577216091,1.1152068506466886,0.0,6.984540316370555,6.434148640757751
190,42.029,1.9631343547797635,2.407871577216091,1.1543369155816603,0.03913006493497153,6.950032495265131,6.434148640757751
191,42.22,1.892309358826673,2.447344881760617,1.2234271306372828,0.07826012986994306,6.9178508140240735,6.3552020316687
192,42.409,2.1778041778709722,2.210505054493461,1.2811836223561803,0.1565202597398861,7.145826976287609,6.5130952498468035
193,42.605,1.651660492589491,2.210505054493461,1.3697027362305285,0.1173901948049146,6.831382497367394,6.5130952498468035
194,42.772,1.5957307423240554,2.131558445404409,1.409197018383675,0.23478038960982922,6.802655693977705,6.513095249846804
195,42.963,1.4973016578200062,2.0526118363153563,1.5065074999964039,0.27391045454480073,6.766275878387963,6.592041858935856
196,43.139,1.4216244136154095,2.01313853177083,1.5406256971783214,0.3521705844147438,6.720225295925554,6.592041858935856
197,43.328,1.3973318519868416,1.9736652272263042,1.609800697225716,0.4304307142846868,6.719719351470333,6.592041858935856
198,43.515,1.2607617833370166,1.9736652272263042,1.6434627272688043,0.46956077921965833,6.650324250918072,6.592041858935856
199,43.74,1.1866156234242935,1.9736652272263042,1.7217228571387473,0.50869084415463,6.610838900076994,6.592041858935856
200,43.923,1.1737128351864876,1.8552453135927265,1.760359736135665,0.5478209090896013,6.610565449145244,6.592041858935857
201,44.112,1.0952709659230015,1.855245313592726,1.8172313591376188,0.6260810389595445,6.572305206663593,6.6315151634803815
202,44.303,1.015153456809008,1.8157720090481997,1.850709489339399,0.665211103894516,6.538304534643046,6.631515163480382
203,44.495,0.9356250115964512,1.8157720090481997,1.8794014470479121,0.665211103894516,6.506986572864831,6.631515163480382
204,44.663,0.752494802140032,1.7762987045036738,1.9220411329803166,0.7434712337644591,6.428311005448219,6.592041858935856
205,44.829,0.6515131073964243,1.7368253999591476,1.9412634430162734,0.7826012986994306,6.393386382482065,6.631515163480382
206,45.009,0.5644846379500349,1.6578787908700954,1.9716427414765294,0.8217313636344022,6.3450843471939224,6.6315151634803815
207,45.182,0.5402547170635421,1.6184054863255695,2.0027074847998434,0.8608614285693736,6.341442751745983,6.592041858935857
208,45.384,0.4835600269669974,1.6184054863255695,2.0151983441510337,0.8999914935043453,6.318257244770627,6.592041858935857
209,45.551,0.3773430117415017,1.6184054863255692,2.047245876886014,0.939121558439317,6.282580932899572,6.631515163480382
210,45.714,0.286193504244367,1.578932181781043,2.0549445929698686,0.9782516233742882,6.239310635681575,6.6315151634803815
211,45.934,0.1195161266198917,1.421038963602939,2.059415508592322,1.0173816883092597,6.174830424122893,6.670988468024908
212,46.154,0.10415589388529539,1.342092354513887,2.070931937615541,1.0565117532442314,6.16898797029474,6.670988468024908
213,46.323,-0.05920995681678912,1.3026190499693608,2.0717439628888505,1.0956418181792027,6.09862555212928,6.631515163480383
214,46.543,-0.14312807249322104,1.2631457454248347,2.073893441553491,1.1347718831141744,6.064123754172135,6.670988468024908
215,46.722,-0.22498145294048674,1.2631457454248345,2.0697521126596166,1.173901948049146,6.029297910837715,6.631515163480382
216,46.899,-0.3257728161985586,1.1841991363357824,2.055497486648607,1.2130320129841174,5.993363808220429,6.670988468024908
217,47.099,-0.3415004609780181,1.1052525272467302,2.041930693810283,1.252162077919089,5.987570744208141,6.670988468024908
218,47.289,-0.44432403446456337,1.0263059181576781,2.026810305559349,1.252162077919089,5.948610611896768,6.670988468024907
219,47.46,-0.6118362204401544,0.9868326136131521,1.9956333116835483,1.2912921428540605,5.881522377134387,6.631515163480382
220,47.643,-0.6302429615729779,0.947359309068626,1.9781544676755773,1.330422207789032,5.871117990801651,6.670988468024909
221,47.82,-0.7118349373850458,0.947359309068626,1.9289099114686576,1.3695522727240037,5.848420358836687,6.670988468024909
222,47.988,-0.8082498811054506,0.8289393954350476,1.9101939230737046,1.3695522727240037,5.8101757765405555,6.670988468024907
223,48.177,-0.8831778456644573,0.7499927863459956,1.8493553177806747,1.4478124025939467,5.777867609185693,6.670988468024908
224,48.373,-1.0505165649696866,0.6315728727124175,1.8054283329591136,1.4478124025939467,5.710081893852897,6.670988468024909
225,48.56,-1.0681957097907149,0.6315728727124175,1.7619348263349215,1.4478124025939467,5.704832117815145,6.670988468024909
226,48.73,-1.1491420041075475,0.5526262636233652,1.704128180113849,1.4869424675289182,5.679807141356161,6.670988468024909
227,48.954,-1.2201934704358326,0.47367965453431293,1.639770400584877,1.4869424675289182,5.657215516800862,6.670988468024908
228,49.174,-1.3074194991456896,0.3947330454452609,1.5975582220757731,1.4869424675289182,5.6249458975949675,6.710461772569435
229,49.35,-1.36182900678615,0.3157864363562086,1.4997724668471963,1.4869424675289182,5.600408796146375,6.710461772569435
230,49.536,-1.4729753665610905,0.15789321817810437,1.4410725928254842,1.4869424675289182,5.562609926822702,6.710461772569435
231,49.749,-1.5394588772365174,0.15789321817810437,1.3244597928042812,1.4869424675289182,5.539808696707381,6.710461772569435
232,49.956,-1.6184054863255697,0.07894660908905217,1.2405322041885687,1.4869424675289182,5.506525983961389,6.710461772569435
233,50.158,-1.689643670250424,-0.0,1.1455479361529068,1.4869424675289182,5.482375568632144,6.670988468024908
234,50.339,-1.7772913193396325,-0.07894660908905216,1.0857769052633153,1.4478124025939467,5.449550615155162,6.670988468024908
235,50.547,-1.8508026394240187,-0.19736652272263042,1.031887086831144,1.4478124025939467,5.418024252446581,6.710461772569435
236,50.717,-1.9331993078458198,-0.3157864363562087,0.9340559537196467,1.408682337658975,5.405608134589512,6.74993507711396
237,50.92,-2.0007284370620377,-0.47367965453431304,0.839228119964578,1.408682337658975,5.377542672880577,6.74993507711396
238,51.091,-2.0654435514035,-0.5131529590788391,0.7807300581063794,1.3695522727240033,5.352359889936749,6.710461772569435
239,51.289,-2.1315584454044085,-0.5920995681678913,0.6539561947754942,1.3695522727240035,5.328896113511021,6.710461772569435
240,51.454,-2.2511468498036176,-0.9078860045240998,0.48712321406458714,1.3304222077890318,5.289914297865853,6.670988468024907
241,51.635,-2.312139658510235,-0.947359309068626,0.3913006493497153,1.2912921428540607,5.274049325305691,6.670988468024909
242,51.821,-2.3563194511179772,-1.0657792227022043,0.3513346760451612,1.2130320129841172,5.2589697712807775,6.670988468024909
243,52.018,-2.392599282446331,-1.1052525272467304,0.2299082379699768,1.1739019480491462,5.24994950442197,6.710461772569435
244,52.189,-2.4434394724181687,-1.2236724408803088,0.11822132655524237,1.1347718831141744,5.232405278122332,6.670988468024909
245,52.376,-2.4788049898381574,-1.342092354513887,0.030448559439450202,1.01738168830926,5.2272289844935536,6.631515163480383
246,52.554,-2.523976192652203,-1.4605122681474652,-0.11277598060481905,0.9782516233742882,5.2127914980749095,6.6315151634803815
247,52.762,-2.5262914908496694,-1.4999855726919913,-0.3001746955170836,0.9391215584393168,5.212778247148701,6.631515163480382
248,52.93,-2.5864904486134512,-1.6184054863255695,-0.32368163302455766,0.8608614285693736,5.192828375427452,6.592041858935857
249,53.139,-2.6202345345174205,-1.6973520954146217,-0.48192744647022495,0.743471233764459,5.19073954760518,6.592041858935856
250,53.308,-2.6297149699045486,-1.8157720090482001,-0.5336080784970711,0.743471233764459,5.1907395476051805,6.55256855439133
251,53.5,-2.639470060853083,-1.8947186181372517,-0.7428084778428615,0.586950974024573,5.185842728056429,6.55256855439133
252,53.663,-2.676915973687757,-1.9736652272263044,-0.8065297728561373,0.4304307142846869,5.183409376152744,6.513095249846804
253,53.855,-2.676915973687757,-2.0920851408598824,-0.9767123578194427,0.39130064934971526,5.183409376152744,6.513095249846804
254,54.045,-2.686445798890752,-2.0920851408598824,-1.1469200200338356,0.1565202597398861,5.185309077119135,6.513095249846804
255,54.232,-2.691728099929197,-2.249978359037987,-1.2007262476290492,0.1565202597398861,5.1931247143226535,6.473621945302278
256,54.413,-2.6972754194918047,-2.328924968127039,-1.344442779456558,-0.03913006493497153,5.200435611700605,6.434148640757752
257,54.589,-2.6975428472752787,-2.328924968127039,-1.4613923311352215,-0.23478038960982922,5.201514959871744,6.434148640757752
258,54.778,-2.6934627666328135,-2.407871577216091,-1.5594181114813503,-0.23478038960982922,5.207570633148885,6.394675336213226
259,54.96,-2.6851664821968346,-2.4868181863051437,-1.6484339937581927,-0.3130405194797723,5.212439746215566,6.3552020316687
260,55.14,-2.6693219883408124,-2.565764795394195,-1.7011583170922036,-0.46956077921965833,5.228205939143995,6.3552020316687
261,55.326,-2.6318652338392408,-2.7236580135723,-1.7814258212039582,-0.5478209090896015,5.257925357369641,6.276255422579648
262,55.498,-2.626729897618741,-2.763131318116826,-1.8736886104192223,-0.6260810389595445,5.263802745457798,6.236782118035121
263,55.671,-2.612135809344909,-2.763131318116826,-1.993777595103075,-0.821731363634402,5.266595076998759,6.236782118035121
264,55.838,-2.578674811409933,-2.8026046226613515,-2.0786688666534348,-0.9782516233742881,5.285773985740623,6.236782118035121
265,56.025,-2.5460281431219323,-2.8815512317504037,-2.1590820576524594,-1.0173816883092597,5.309159461238759,6.157835508946069
266,56.209,-2.5065548385774066,-2.9210245362949303,-2.3059404107947854,-1.1347718831141744,5.328896113511021,6.15783550894607
267,56.424,-2.4126611847255224,-2.9604978408394564,-2.391825219150135,-1.2912921428540605,5.380936114619527,6.078888899857017
268,56.59,-2.3642157985084,-2.9210245362949303,-2.5024397795421764,-1.408682337658975,5.403442210469302,6.118362204401544
269,56.786,-2.319104827177119,-2.9210245362949303,-2.522230507269449,-1.408682337658975,5.42316199792639,6.078888899857017
270,56.962,-2.257867478650478,-2.9604978408394564,-2.5678424445331265,-1.565202597398861,5.4536415374645255,6.078888899857017
271,57.154,-2.247046290457012,-2.9604978408394564,-2.680842926242919,-1.7217228571387475,5.45826370145187,6.078888899857017
272,57.352,-2.1275337777260863,-2.881551231750404,-2.7333558841749066,-1.917373181813605,5.521510372243535,6.039415595312491
273,57.547,-2.033805158136977,-2.842077927205878,-2.8085040466003757,-1.917373181813605,5.558156410987096,6.078888899857017
274,57.736,-1.9830637477968729,-2.7236580135723,-2.877505894199785,-2.0347633766185194,5.585472593050441,6.118362204401543
275,57.92,-1.8761456381119985,-2.7631313181168258,-2.900772806589708,-2.0738934415534906,5.6295993819533505,6.0788888998570165
276,58.106,-1.7979471040388815,-2.644711404483248,-2.9192439932478536,-2.152153571423434,5.665167277155429,6.118362204401544
277,58.305,-1.705006312244331,-2.6052380999387212,-2.990416814298551,-2.1521535714234346,5.710307159598436,6.118362204401543
278,58.505,-1.5996457887037459,-2.5262914908496694,-3.0405641515446202,-2.347803896098292,5.755221776295904,6.118362204401543
279,58.685,-1.584112089298788,-2.4078715772160915,-3.095718579924489,-2.426064025968235,5.763102463500808,6.15783550894607
280,58.866,-1.4958621253819353,-2.4078715772160915,-3.1269779704824336,-2.465194090903206,5.799320858716743,6.15783550894607
281,59.051,-1.405105327152425,-2.289451663582513,-3.1699782911685723,-2.504324155838178,5.839060386415088,6.15783550894607
282,59.248,-1.2002749190856208,-2.0920851408598824,-3.1699782911685723,-2.660844415578064,5.926951370694664,6.157835508946069
283,59.431,-1.0647155347165838,-1.8552453135927263,-3.1699782911685723,-2.660844415578064,5.984578444144403,6.157835508946071
284,59.624,-1.0441127537221673,-1.8552453135927263,-3.1699782911685723,-2.7391045454480074,5.997775162018098,6.157835508946071
285,59.806,-0.8552292330320856,-1.7368253999591476,-3.1699782911685723,-2.7782346103829783,6.07251279509157,6.236782118035121
286,59.993,-0.7339170035961573,-1.7368253999591476,-3.1699782911685723,-2.8564947402529217,6.124317893417294,6.1973088134905945
287,60.219,-0.7143718874390853,-1.5394588772365172,-3.1699782911685723,-2.7782346103829787,6.135189676056282,6.197308813490595
288,60.389,-0.6091896490874832,-1.5394588772365172,-3.1699782911685723,-2.8564947402529213,6.178506953830836,6.197308813490595
289,60.588,-0.4993732004519826,-1.421038963602939,-3.1699782911685723,-2.81736467531795,6.223002359408265,6.15783550894607
290,60.758,-0.3790078099251118,-1.2236724408803086,-3.1699782911685723,-2.81736467531795,6.27641081980518,6.236782118035121
291,60.956,-0.24222572645595583,-1.1841991363357824,-3.1699782911685723,-2.7391045454480074,6.329043498704088,6.1973088134905945
292,61.154,-0.13377050933093226,-1.0263059181576784,-3.1699782911685723,-2.8564947402529213,6.373169082977342,6.236782118035121
293,61.351,-0.0033958509982610786,-0.8289393954350477,-3.1699782911685723,-2.81736467531795,6.423780393314675,6.276255422579647
294,61.545,0.2552200665475636,-0.5526262636233652,-3.1699782911685723,-2.8564947402529217,6.53024556224916,6.197308813490595
295,61.721,0.3875269508473191,-0.31578643635620873,-3.1699782911685723,-2.8956248051878934,6.578443999386948,6.236782118035122
296,61.894,0.4067419984788418,-0.1578932181781043,-3.1699782911685723,-2.8173646753179504,6.58868576071622,6.23678211803512
297,62.121,0.4953123938840018,-0.11841991363357825,-3.1699782911685723,-2.8173646753179504,6.621052954924194,6.236782118035121
298,62.306,0.7570615531632343,0.3157864363562087,-3.1699782911685723,-2.8956248051878934,6.734188158260016,6.118362204401543
299,62.486,0.8854425494164013,0.5526262636233651,-3.1699782911685723,-2.81736467531795,6.781377115746671,6.118362204401543
300,62.658,0.985658099699245,0.5526262636233651,-3.1699782911685723,-2.7782346103829787,6.819273560072424,6.118362204401543
301,62.828,1.091236661207437,0.7499927863459956,-2.7190475211972815,-2.8956248051878934,6.858966107214211,6.157835508946069
302,63.027,1.2214486945366443,0.7105194818014695,-2.6618283991445444,-2.8956248051878934,6.893016169050624,6.0788888998570165
303,63.212,1.332281850601209,0.7105194818014695,-2.6120357258781404,-2.7782346103829787,6.936721337574183,6.0788888998570165
304,63.414,1.4287762998788633,0.9078860045241,-2.5546744994025747,-2.8564947402529217,6.971592956835503,5.999942290767964
305,63.58,1.5214593009271817,0.9078860045241002,-2.5045797049683074,-2.8564947402529213,7.010824130819317,6.118362204401544
306,63.786,1.6249972197993137,0.8684126999795738,-2.5045797049683074,-2.30867383116332,7.048724189034035,6.039415595312491
307,63.98,1.709982637350332,0.9868326136131521,-2.3671277092934124,-2.073893441553491,7.077378714644405,5.999942290767964
308,64.182,1.7264463108491732,0.6710461772569435,-2.2955118568068364,-2.073893441553491,7.083605445332596,6.236782118035121
309,64.397,1.8945138310958531,1.5394588772365172,-2.2571209737015385,-1.839113051943662,7.1380004974171944,6.3946753362132265
310,64.587,1.9701248206694082,1.5394588772365172,-3.0325800324602934,-1.7217228571387473,7.169743693463728,6.3946753362132265
311,64.772,1.9901228775768696,1.5394588772365172,-2.9934499675253226,-2.0738934415534906,7.168581225846372,6.3946753362132265
312,64.962,2.0583964679200566,1.6973520954146217,-2.9151898376553795,-2.1130235064884624,7.195545656050372,6.434148640757752
313,65.144,2.217494315753451,1.855245313592726,-1.904946806822354,-2.073893441553491,7.254888122129244,6.276255422579647
314,65.312,2.2862666227739274,1.855245313592726,-1.853749807495052,-2.30867383116332,7.273017798441351,6.236782118035121
315,65.498,2.300971536976046,2.1710317499489347,-1.7377818510732412,-2.9738849350578365,7.2767196253720545,6.118362204401544
316,65.672,2.3575276946622328,2.1710317499489347,-1.6630277597362901,-2.7782346103829787,7.2957563878145955,6.118362204401544
317,65.851,2.412661184725522,1.7368253999591479,-1.5921725838660343,-2.778234610382979,7.315128037301306,6.15783550894607
318,66.048,2.458204618103052,1.3026190499693608,-1.560568082566933,-1.9956333116835479,7.3269466588493515,5.763102463500808
319,66.223,2.5097627673494425,1.4999855726919913,-1.4683590303182847,-1.6434627272688045,7.342034645281852,5.881522377134386
320,66.386,2.5487445829946105,1.4999855726919913,-1.380782104591938,-0.8999914935043453,7.347014584276819,5.920995681678912
321,66.562,2.5855014476664584,1.7368253999591474,-1.3316008385901434,-0.8608614285693736,7.361771297554115,6.394675336213226
322,66.745,2.624130306822627,1.8552453135927263,-1.1677807104741746,-0.665211103894516,7.363740867040513,6.513095249846805
323,66.951,2.6744067301157894,1.6578787908700956,-1.0854604542376878,-1.0173816883092597,7.373003264460034,6.789408381658487
324,67.146,2.6966478074413986,1.9341919226817783,-1.0819102319765892,-1.0956418181792027,7.374177778373942,6.631515163480382
325,67.337,2.7037780103710567,2.0920851408598824,-0.9611059485593372,-1.4478124025939465,7.378218106237781,6.592041858935856
326,67.528,2.7181251495655556,2.2105050544934604,-0.8666924865246187,-1.5260725324638895,7.381507949826378,6.473621945302277
327,67.722,2.7236580135723,2.1710317499489347,-0.8258070140135236,-1.604332662333833,7.3815079498263785,6.473621945302278
328,67.883,2.731903703562757,2.2105050544934612,-0.665211103894516,-1.3695522727240035,7.3766460645376295,6.3946753362132265
329,68.062,2.7369968777453204,2.249978359037987,-0.5828299457625311,-1.2912921428540605,7.375630561738219,6.315728727124174
330,68.278,2.735800680497618,2.249978359037987,-0.4304307142846869,-0.8608614285693738,7.369365282901059,6.315728727124174
331,68.454,2.727941676626509,2.447344881760617,-0.40562692464954603,-0.8608614285693738,7.36064978734504,6.276255422579648
332,68.638,2.713507804096831,2.2894516635825126,-0.3521705844147438,-0.7043411688294875,7.3348044580908045,6.434148640757752
333,68.838,2.6958949139068427,2.249978359037987,-0.26978942628275887,-0.7043411688294875,7.322566625422718,6.513095249846804
334,69.014,2.6796914404135443,2.2894516635825126,-0.14219398444005538,-0.6260810389595445,7.307964104741299,6.5130952498468035
335,69.187,2.6492046730974774,2.2894516635825126,-0.06111445505499185,-0.665211103894516,7.297158576733352,6.473621945302277
336,69.368,2.647077297126236,2.2499783590379874,0.017145674814951207,-0.6260810389595446,7.296269560047748,6.55256855439133
337,69.544,2.6244844679412815,2.2499783590379874,0.09544043517449124,-0.6260810389595445,7.281734498627026,6.55256855439133
338,69.721,2.553773911805444,2.2499783590379874,0.2339146273699044,-0.586950974024573,7.243341746883294,6.55256855439133
339,69.889,2.5127406118573177,2.2499783590379874,0.2739104545448007,-0.50869084415463,7.234729849477629,6.55256855439133
340,70.069,2.5084340608396585,2.249978359037987,0.3063508642134847,-0.50869084415463,7.227844186367995,6.473621945302278
341,70.256,2.4811985889632178,2.249978359037987,0.44999574675217263,-0.35217058441474375,7.216801346317956,6.473621945302278
342,70.441,2.3931172731981056,2.249978359037987,0.5175025125248434,-0.27391045454480073,7.193545970822592,6.513095249846804
343,70.647,3.9484423276244405,2.2894516635825126,0.6515714676125566,-0.15652025973988612,7.201610966364755,6.5130952498468035
344,70.836,3.9484423276244405,2.249978359037987,0.7239062012969734,-0.07826012986994306,7.201610966364755,6.513095249846804
345,71.031,3.9484423276244405,2.210505054493461,0.8021663311669163,-0.03913006493497153,7.201610966364755,6.5130952498468035
346,71.232,3.9484423276244405,2.210505054493461,0.8754981841207636,0.03913006493497153,7.201610966364755,6.5130952498468035
347,71.431,2.2351409355737863,2.249978359037987,0.9256920934045667,0.03913006493497153,7.138681113172432,6.513095249846804
348,71.641,2.1717810295945252,2.210505054493461,1.0369467207767455,0.0,7.121548870214905,6.5130952498468035
349,71.821,2.1002175956627416,2.210505054493461,1.1363135369786475,0.03913006493497153,7.088046914871649,6.5130952498468035
350,72.004,2.034325558148062,2.2894516635825126,1.2031372461978875,0.07826012986994306,7.0714675969259,6.473621945302277
351,72.187,1.8485066153010365,2.763131318116826,1.2337995593489883,0.07826012986994306,6.901089597000376,6.197308813490595
352,72.368,1.8304528306572128,2.802604622661352,1.2717271103865748,0.19565032467485763,6.893147473683052,6.15783550894607
353,72.547,1.7685902793394763,2.802604622661352,1.3513748481500247,0.3130405194797723,6.872768753804519,6.15783550894607
354,72.716,1.5936262543162647,2.447344881760617,1.3881978059849485,0.3913006493497152,6.788889186277057,6.3552020316687
355,72.89,1.5365545151376143,2.447344881760617,1.486942467528918,0.46956077921965833,6.767560013600501,6.3552020316687
356,73.083,1.4551962374786724,2.4078715772160915,1.5065074999964039,0.5869509740245729,6.729002227593995,6.315728727124174
357,73.271,1.3654103707513254,2.3289249681270388,1.575169013473912,0.665211103894516,6.6864161600202,6.315728727124173
358,73.467,1.2840954597599743,2.0920851408598824,1.6434627272688043,0.7043411688294876,6.660502166875614,6.434148640757751
359,73.64,1.2122031619322973,2.01313853177083,1.6709199288999625,0.7826012986994306,6.6275675920999975,6.473621945302278
360,73.812,1.1416648678371657,1.9341919226817783,1.7217228571387473,0.8608614285693735,6.596711003479758,6.513095249846804
361,74.017,1.1249891795189935,1.9341919226817779,1.7943179165725485,0.8999914935043452,6.587241409759528,6.473621945302277
362,74.169,1.046982181561067,1.9736652272263042,1.821836020099205,0.9782516233742883,6.55498504147984,6.473621945302277
363,74.354,0.8566784025073987,1.7762987045036736,1.850709489339399,1.056511753244231,6.479730622284251,6.473621945302278
364,74.524,0.7793484064157452,1.7762987045036736,1.9074390079185237,1.0956418181792027,6.4460070150844215,6.473621945302278
365,74.706,0.7005379204777409,1.8157720090481997,1.9442954020882306,1.1347718831141744,6.414411988485489,6.434148640757751
366,74.887,0.6907828295292064,1.7762987045036736,1.964360785422652,1.2130320129841174,6.404656897536954,6.473621945302278
367,75.071,0.6068647138527746,1.7762987045036736,1.9883083660563776,1.2912921428540607,6.369967177353583,6.473621945302278
368,75.24,0.5279181047637225,1.7762987045036738,2.005793180838417,1.3695522727240037,6.3404368859838165,6.3946753362132265
369,75.433,0.44796562991250355,1.6973520954146217,2.034634407898641,1.486942467528918,6.30335718056435,6.394675336213225
370,75.632,0.34288819434091167,1.6578787908700954,2.043453241197737,1.5652025973988613,6.262496142656931,6.394675336213226
371,75.833,0.2640463880318697,1.6184054863255695,2.0553088101880443,1.5652025973988613,6.227893155808739,6.3946753362132265
372,75.994,0.08882698152173657,1.4999855726919913,2.064685313785133,1.6434627272688043,6.160364026592521,6.3552020316687
373,76.191,0.006578482547535917,1.4605122681474652,2.0660215730216516,1.6825927922037758,6.128348584243892,6.315728727124174
374,76.384,-0.07915139613045137,1.381565659058413,2.0686343837540035,1.7999829870086903,6.096098239112483,6.355202031668701
375,76.57,-0.17762987045036738,1.3026190499693608,2.06668791140769,1.7999829870086903,6.059152247584754,6.3552020316687
376,76.752,-0.2711272011456613,1.2236724408803086,2.056763290751118,1.9565032467485763,6.019678943040228,6.355202031668699
377,76.936,-0.29057715155996544,1.1447258317912565,2.0414291487885334,2.073893441553491,6.011094752116635,6.355202031668699
378,77.129,-0.3749963931729978,1.1447258317912565,2.026155908721447,2.113023506488463,5.980205638495702,6.355202031668699
379,77.344,-0.4552030448814828,1.0657792227022043,2.0060750013744473,2.2304137012933776,5.941222618220879,6.315728727124174
380,77.52,-0.5524214765819659,1.0263059181576781,1.995633311683548,2.2304137012933776,5.903786342423447,6.315728727124174
381,77.714,-0.6513095249846804,0.9078860045241,1.9647906811555806,2.3086738311633197,5.871540815810658,6.276255422579648
382,77.91,-0.8082498811054506,0.7894660908905217,1.9200433119770146,2.3086738311633206,5.8101757765405555,6.276255422579648
383,78.112,-0.8967335431754299,0.7105194818014694,1.900308709525985,2.3086738311633206,5.777366483249091,6.276255422579648
384,78.285,-1.006569265885415,0.5526262636233652,1.8437141304408067,2.3086738311633197,5.73361072028001,6.276255422579648
385,78.467,-1.0246724403451057,0.5526262636233652,1.8143295629403537,2.386933961033263,5.726896114581427,6.276255422579648
386,78.665,-1.086002545355204,0.5526262636233652,1.7533548239985635,2.386933961033263,5.702642101101828,6.276255422579648
387,78.869,-1.1644624840635194,0.4342063499897868,1.6920110912193433,2.4651940909032066,5.674174293088027,6.276255422579647
388,79.045,-1.267146320510051,0.2763131318116826,1.6544322333873542,2.504324155838178,5.633325301477161,6.236782118035122
389,79.218,-1.360901441951577,0.1578932181781043,1.6198578690666077,2.5043241558381775,5.602825283234886,6.23678211803512
390,79.421,-1.423943325701842,0.1578932181781043,1.5456375649313756,2.582584285708121,5.5833608772647185,6.23678211803512
391,79.61,-1.4976016106041734,0.07894660908905217,1.4860444631090237,2.543454220773149,5.546926853340488,6.197308813490595
392,79.78,-1.593944276545261,-0.07894660908905217,1.3976077459168204,2.621714350643092,5.516465383247183,6.197308813490595
393,79.959,-1.6646174891617849,-0.07894660908905217,1.2685614059754842,2.660844415578064,5.493528029980816,6.197308813490595
