,time,inputAngle2,theta2,inputAngle3,theta3,inputAngle4,theta4
0,13.862,0.3855405600749057,0.0,1.0478040066585792,0.021735706841792667,0.8646346739932999,0.0
1,13.992,0.35324543737675274,0.0,1.027013147353637,0.021735706841792667,0.855153390072283,0.0
2,14.086,0.31467072000379703,0.0,1.0018968461692324,0.021735706841792667,0.8436089153432472,0.0
3,14.173,0.28819553491862926,0.0,0.9844806101826664,0.021735706841792667,0.835547551070018,0.0
4,14.284,0.25384668858517967,0.0658387693026938,0.9616686546784761,0.021735706841792667,0.8249215411338625,0.05851622524406763
5,14.411,0.22132713756843092,0.23684876094692026,0.939846084807415,0.021735706841792667,0.8146873090717669,0.20552546202982463
6,14.506,0.17531294524792337,0.4110645473898644,0.90859140753595,0.021735706841792667,0.7999161087700616,0.36620371382763994
7,14.6,0.14749746288356858,0.44557728697458177,0.8894828840115129,0.14345226330365873,0.790821445524262,0.5963374890671902
8,14.684,0.117995014710734,0.4291785080012981,0.8690370495049644,0.9078592208147898,0.7810381766274483,0.7631904407649216
9,14.779,0.0884506434710192,0.4899573262537283,0.8483767931101313,1.0882830317724197,0.7710988124394558,0.9048993750886405
10,14.867,0.06084733302791654,0.4856220932974687,0.8289049271580499,1.0882830317724197,0.761682991822282,0.952622701200754
11,14.955,0.03223844403797708,0.43240777557053783,0.8085498723848237,1.1024539166065954,0.7517911172272181,0.9366262069040718
12,15.044,-0.001973920360702306,0.31521469975071104,0.7839731783256815,1.0503378773437473,0.7397822745052118,0.9231553216600883
13,15.139,-0.03289627622697267,0.26448838254923257,0.7615371706777752,1.0503378773437473,0.7287581764378476,0.9237007298878639
14,15.218,-0.05854608920099273,0.26448838254923257,0.7427641891387821,1.003258702010146,0.7194897990576222,0.9237007298878639
15,15.303,-0.08877910636019398,0.21655030497608926,0.720445035470078,0.9739704228091958,0.7084191503783399,0.9107976853990691
16,15.404,-0.11340171169106585,0.18998828791871572,0.7021123755060467,0.9505468408120752,0.6992845949569758,0.8915250213536973
17,15.492,-0.14913504788668996,0.10487693873023389,0.6752552892728128,0.906021831977551,0.6858363630753318,0.8842659055510714
18,15.587,-0.17662060924393208,0.10487693873023389,0.6543908440339109,0.8760580505981934,0.6753352111862128,0.8842659055510714
19,15.657,-0.20209415021626573,0.06769302269396865,0.6348906802012878,0.8760580505981934,0.6654788255281776,0.8410428416032036
20,15.74,-0.22718823601683008,0.03277514440407577,0.6155250943239996,0.8459301831795555,0.6556508122254311,0.8181030439168373
21,15.825,-0.2561190525863117,0.0,0.5930032185438164,0.8229744527401717,0.6441717522619521,0.8181733078015241
22,15.922,-0.2859314098799255,-0.031239833430268277,0.5695718458034316,0.8308214428190254,0.6321734506164464,0.7833170009494693
23,16.002,-0.3124141563174803,-0.07561314323682984,0.5485634027583746,0.7853981633974483,0.6213679590496555,0.7944431428584544
24,16.082,-0.3416953434892291,-0.10409993810959935,0.5251178079829375,0.7551044034786732,0.609255894912014,0.7569465692103736
25,16.176,-0.36413543147593586,-0.1460122577112754,0.5069922887024872,0.707431529565906,0.59985408372258,0.7404872627861385
26,16.282,-0.3970107373033257,-0.16977827396833844,0.4801850621544926,0.6833912454873363,0.5858884506225325,0.7183276764188665
27,16.364,-0.42843539388285534,-0.21109333322274654,0.4542725326267284,0.6659692373791098,0.5723205826687031,0.7215816551395222
28,16.457,-0.4587320191112611,-0.24497866312686414,0.42901563651894226,0.6659692373791098,0.5590316562815706,0.7086262721276703
29,16.546,-0.486966918506766,-0.27094685033842053,0.4052277804680473,0.6345528017765085,0.5464577803621723,0.6773653529945659
30,16.643,-0.5125416750921621,-0.3052231337939214,0.3834672009328281,0.6162969373960713,0.5349064343805244,0.6749074225892228
31,16.743,-0.5441423539281708,-0.32994709214655477,0.35629005680265435,0.5975564529851647,0.5204140547288609,0.6369928241653455
32,16.837,-0.5767189573631506,-0.36625556043077695,0.32792761930137393,0.5524189243203455,0.5052118454829072,0.6365809068094435
33,16.923000000000002,-0.6047631577515097,-0.3805063771123649,0.30321983722153056,0.532322511232846,0.491903789703533,0.594066810592853
34,17.035,-0.6298715406245784,-0.41947746175536094,0.28086186272755365,0.532322511232846,0.4798093855781569,0.5827177445401983
35,17.16,-0.6679193867502831,-0.4527784718235359,0.2465389904479564,0.5012642648715825,0.46114632902459535,0.5570500837511912
36,17.287,-0.7072577823555446,-0.48503472185253577,0.2104650078963134,0.4906680581880709,0.44140495479618963,0.5431088814154897
37,17.404,-0.7411209964781703,-0.5162306706117479,0.17890872240821698,0.4417931655174437,0.4240293268488479,0.5397557415969648
38,17.482,-0.7705365096449631,-0.5783254862804168,0.1510999338531948,0.4245613803643576,0.40863424566033374,0.4961579639187168
39,17.556,-0.7913736772775446,-0.5975564529851647,0.13116765276469036,0.38991786393085215,0.3975515648190428,0.46885995170715056
40,17.677,-0.8165271723928941,-0.6162969373960713,0.10683816874285954,0.35877067027057225,0.38396923412910394,0.4375038825931499
41,17.786,-0.8524797007887003,-0.6590900463342081,0.0715298874928619,0.3385556949116842,0.3641499818713539,0.4430050740374217
42,17.872,-0.8769229847734231,-0.6590900463342081,0.0471476944104733,0.317458735254631,0.35038858045170607,0.4430050740374217
43,17.967,-0.9016004622612431,-0.6989996140390012,0.02220587020955799,0.2821237321427154,0.3362471495419585,0.4190497915152101
44,18.076,-0.9278097041212894,-0.722979353401491,-0.004660639684449499,0.2821237321427154,0.3209411662334049,0.3897350522898183
45,18.191,-0.9578054778760301,-0.7621465405869854,-0.03591126480941079,0.19739555984988075,0.3030408060459824,0.39497270676876617
46,18.283,-0.9857191592214142,-0.8007815651780434,-0.06550420686279501,0.19739555984988075,0.28599284215014514,0.35898839966059976
47,18.383,-1.0116192557327612,-0.8315192794119595,-0.09343190546501566,0.15499674192394097,0.2698163293620625,0.35682239633178453
48,18.461,-1.0328505111890407,-0.8633647972289906,-0.11668274420928465,0.13970887428916365,0.2562828163087132,0.3442186829824677
49,18.548000000000002,-1.0518011456378142,-0.8633647972289906,-0.13772323906122355,0.11242713083019014,0.2439835409200527,0.3442186829824677
50,18.637,-1.073364002531036,-0.8550527371260165,-0.16201153620926903,0.06548002492346482,0.2297231424768079,0.27761312098150226
51,18.728,-1.0933734947621585,-0.9272952180016122,-0.18489956473031188,0.017239671194529696,0.2162226576175224,0.2966139196812284
52,18.822,-1.1146683756242377,-0.9117062804606886,-0.20964992807102378,-0.017542060057402487,0.20155472623006304,0.2630638287941448
53,18.909,-1.1394153975372594,-0.9518438569459917,-0.2389548562467222,-0.05449145624073119,0.18409343385672786,0.279173305138921
54,18.992,-1.1569264221367905,-0.9765826229944627,-0.26006732484970874,-0.07393903765794034,0.17144926126613658,0.2577526233728382
55,19.086,-1.173910130982831,-1.0109994072334723,-0.2808618627275526,-0.1586552621864014,0.15894194124008165,0.2353096766701328
56,19.174,-1.195083641353318,-1.0303768265243125,-0.3072537827321943,-0.20131710837464076,0.14299014640414986,0.2152844235199547
57,19.273,-1.2159620002227007,-1.0343608691901653,-0.33382371464803035,-0.20131710837464076,0.12684118724533458,0.19949813719112564
58,19.388,-1.23935564208851,-1.0343608691901653,-0.3642954420354573,-0.24997862146082248,0.10820766410009655,0.19949813719112564
59,19.458,-1.2559441662603135,-1.0705158985700445,-0.3863909624736371,-0.24997862146082248,0.09461898315840704,0.21452814535372255
60,19.55,-1.273117390266427,-1.0912770348023004,-0.40972887995581786,-0.348771003583907,0.0801941921762748,0.20208653094780926
61,19.624,-1.2887305998953262,-1.0912770348023004,-0.4313886968205677,-0.348771003583907,0.06673906183926266,0.1669938558846391
62,19.699,-1.3008370812009693,-1.1180178549713606,-0.4484955017191566,-0.348771003583907,0.056065432972661894,0.13522413172403158
63,19.779,-1.314146070621549,-1.1769277160585352,-0.467638837601819,-0.5028432109278608,0.04407121323394818,0.1852056586313694
64,19.87,-1.3308307963939707,-1.1525719972156676,-0.4921769148237997,-0.5754246505352849,0.028618289330779433,0.08887417481310789
65,19.972,-1.3483517808751362,-1.1576674945164953,-0.5186532656283981,-0.625485040239229,0.011843272798557979,0.07290309706169507
66,20.089,-1.3662325626904963,-1.1878976097489533,-0.5465077134923494,-0.7853981633974483,-0.005921731080158829,0.08826754726716679
67,20.163,-1.3812268301381674,-1.1878976097489533,-0.5705936985306805,-0.7853981633974483,-0.021382656734922137,0.08826754726716679
68,20.252,-1.3937182324686088,-1.207403193299666,-0.5912256946729333,-0.7853981633974483,-0.034701754615904565,0.06901464207530728
69,20.351,-1.4063951327400321,-1.1951560913218313,-0.6127494253799335,-0.8926770190458511,-0.048672506940899946,0.04802868640445079
70,20.446,-1.421579037244445,-1.202665555469733,-0.639401293330439,-0.8788749445560378,-0.06608241267226789,-0.0009569375069444774
71,20.543,-1.4333835869100426,-1.218487602120755,-0.6608641262713293,-0.9481255380378293,-0.08019419217627455,0.010838285272034565
72,20.62,-1.4466530479692425,-1.2753554896511765,-0.6858800153837568,-1.0056468867881372,-0.09674845186719902,0.10688026071672052
73,20.709,-1.4555939694080424,-1.2535300472730704,-0.7033383304661727,-1.089132649240035,-0.10837127564705892,-0.014381411146854761
74,20.804,-1.4669357833625025,-1.2583047670603775,-0.7262855649636073,-1.124690777851493,-0.12373826330711957,-0.04800317718528646
75,20.894,-1.4775974431883208,-1.2679114584199251,-0.748796327100779,-1.124690777851493,-0.13891523613520593,-0.052906246914149024
76,20.968,-1.4864268067914943,-1.3072324432118587,-0.7682419452966108,-1.1505996131856213,-0.15210984939427205,-0.06180153926275089
77,21.057,-1.496036538878827,-1.3072324432118587,-0.790378818279728,-1.200890259338339,-0.16722872387358798,-0.06180153926275089
78,21.141,-1.5038490049606368,-1.3182420510168371,-0.8092549011872752,-1.2141761908434647,-0.18020577455918083,-0.11065722117389565
79,21.225,-1.5111495328024704,-1.3415643935179014,-0.8277402279494631,-1.2548260548419161,-0.19299269523360266,-0.10787993270623164
80,21.328,-1.5205428622089727,-1.3378170877177937,-0.8529862312442288,-1.2827408797442708,-0.21058621033278552,-0.13331058658594097
81,21.419,-1.5272413643602158,-1.3465615756858005,-0.8722317239155859,-1.321544185409683,-0.22410266612443863,-0.17299758370567742
82,21.508,-1.5335384428517111,-1.3426936985149538,-0.8915154795722177,-1.3258176636680326,-0.2377403074778607,-0.20179291102702068
83,21.602,-1.5399362785850887,-1.3426936985149538,-0.912612402991782,-1.3258176636680326,-0.25277248472767117,-0.20179291102702068
84,21.698,-1.5463769940710563,-1.355980926393238,-0.9358874242827528,-1.366778347202348,-0.2694984368814475,-0.21481540040165847
85,21.785,-1.551354151566634,-1.3397056595989996,-0.9558051536871621,-1.37014344947501,-0.28393512529110254,-0.3190980407236379
86,21.892,-1.5553564454824234,-1.3542460218188073,-0.973546626568303,-1.413379454068306,-0.2968944009818964,-0.30721019217683443
87,21.99,-1.5597335845187046,-1.3542460218188073,-0.995548669837627,-1.4288992721907328,-0.31310246284841126,-0.34090529952285076
88,22.114,-1.564009604664373,-1.3258176636680326,-1.0214008668498922,-1.4332095903245468,-0.33234998857807935,-0.3999754050508051
89,22.222,-1.567023306350072,-1.3360737143096995,-1.044736686552266,-1.4332095903245468,-0.34992350479840895,-0.42590707208221157
90,22.331,-1.5689741991422474,-1.33105321792444,-1.0652507184092046,-1.4519559822271315,-0.365537666669088,-0.4437610884630052
91,22.428,-1.570394502582013,-1.3473197256542635,-1.0895880648398908,-1.468216474376602,-0.38427528923793286,-0.5115320481912591
92,22.52,-1.5707355548844706,-1.3370531459259951,-1.1025489573391274,-1.48648959426869,-0.3943536505322441,-0.5554937352655438
93,22.597,-1.5706995537539115,-1.3547113544981102,-1.1209475067751085,-1.48648959426869,-0.4087856934706292,-0.5493292734084592
94,22.674,-1.570159156438817,-1.313472611823808,-1.136769970313559,-1.501463193106688,-0.42132034504244287,-0.7209713239718947
95,22.771,-1.569068009450698,-1.299849476456476,-1.1532849858584724,-1.503331302272992,-0.43453183372372556,-0.7702935720185504
96,22.856,-1.56742236430478,-1.299849476456476,-1.169710952780376,-1.503331302272992,-0.44780899560003734,-0.7702935720185504
97,22.953,-1.56542410923171,-1.2847448850775784,-1.1845952735830971,-1.503331302272992,-0.45996448125589645,-0.896777406106527
98,23.051,-1.5619837758429855,-1.2490457723982544,-1.20435648067372,-1.519559159391478,-0.47629691650652767,-1.0164888305933455
99,23.154,-1.5586562959344479,-1.2397002500907646,-1.2197021619346415,-1.533313890103235,-0.4891424964080527,-1.0258343529008354
100,23.289,-1.5516113057979253,-1.2490457723982544,-1.2456956557703105,-1.5337762109209665,-0.5112523512389017,-1.0447299077981334
101,23.393,-1.5468943006446356,-1.2277723863741932,-1.2600812992329165,-1.546410917622178,-0.523693743039803,-1.1284221038181517
102,23.477,-1.5409020511980622,-1.1839206090638685,-1.276097589620418,-1.546410917622178,-0.5377320921834294,-1.2629337683292217
103,23.568,-1.534669481586097,-1.1562894522101106,-1.290796240232258,-1.546410917622178,-0.5508012399543584,-1.3170137825490984
104,23.669,-1.5272413643602163,-1.176005207095135,-1.3063739587375365,-1.5590321636451379,-0.5648613820068473,-1.3045442776439715
105,23.752,-1.5199633811377815,-1.176005207095135,-1.320061827999521,-1.5590321636451379,-0.5774077755408722,-1.3045442776439715
106,23.846,-1.5129322220321058,-1.124690777851493,-1.332110834387919,-1.5591689438385128,-0.5886123368550631,-1.4405266551471165
107,23.962,-1.5020316908135203,-1.0882830317724197,-1.348970209850067,-1.5591689438385128,-0.6045641259701946,-1.5707963267948968
108,24.061,-1.4929984662821414,-1.067953115867036,-1.36158154495485,-1.5591689438385128,-0.6167243629897017,-1.6853208195502913
109,24.158,-1.4813555307360806,-1.0460005551447893,-1.376367217689059,-1.5591689438385128,-0.6312550998867624,-1.7468210948610972
110,24.25,-1.4722791062648761,-1.0074800653029286,-1.3869308356151984,-1.5707963267948966,-0.6418347656965184,-1.79937575097005
111,24.359,-1.459883147463755,-0.9964914966201949,-1.4002115627080125,-1.5707963267948966,-0.6553942548921896,-1.8899187663487798
112,24.473,-1.444593955075381,-0.9179496956941223,-1.4150516109463762,-1.5707963267948966,-0.6709249249312013,-2.0765646025072684
113,24.592,-1.4297274084925862,-0.9179496956941223,-1.4281105927851312,-1.5707963267948966,-0.6849658025082808,-2.0765646025072684
114,24.67,-1.416642599913653,-0.8884797719201485,-1.438649829819908,-1.5819069806925041,-0.696586658401399,-2.1060345262812423
115,24.759,-1.4050739016711558,-0.8884797719201485,-1.4473144946150893,-1.5817848954776303,-0.7063572232462457,-2.142455660495749
116,24.853,-1.3899054900332408,-0.8198672643969563,-1.45785045116201,-1.5817848954776303,-0.7185330657193265,-2.222056736701675
117,24.936,-1.3779232833787496,-0.8198672643969563,-1.465578658422094,-1.5925320336366893,-0.727694305175575,-2.222056736701675
118,25.023,-1.3639539248142403,-0.7509290623979403,-1.4739919721413448,-1.5816654639721668,-0.7379171564265017,-2.2971868100332635
119,25.121,-1.3469997216776999,-0.6823165548747481,-1.4834229334809323,-1.5925320336366893,-0.7497269318327657,-2.3686162115143
120,25.237,-1.3330978025335916,-0.6022873461349642,-1.4905774679487258,-1.5922983887811277,-0.7589683287142954,-2.448645420254084
121,25.337,-1.309440943232043,-0.5585993153435624,-1.5016782422225357,-1.5922983887811277,-0.7738752908241918,-2.4974880445680263
122,25.421,-1.2924812142348698,-0.4636476090008061,-1.5088838889095528,-1.5920697128189578,-0.7839896368725502,-2.5948038127005457
123,25.5,-1.2796369947033512,-0.48689923181126904,-1.513959867065024,-1.5920697128189578,-0.7913603441642449,-2.5737893226232935
124,25.584,-1.2614549307160148,-0.5317240672588056,-1.5206253784542596,-1.6137805866626678,-0.8014004186030903,-2.528964487175757
125,25.674,-1.243588328592346,-0.5317240672588056,-1.5266237453933966,-1.6133238614146808,-0.8108495607719146,-2.5835588690780655
126,25.758,-1.2295910356430169,-0.48689923181126904,-1.5309674775986337,-1.6137805866626678,-0.8179842553134353,-2.6021103601675826
127,25.853,-1.2101096408681413,-0.48689923181126904,-1.5365276350643473,-1.6133238614146808,-0.8275492029861264,-2.6034562543751054
128,25.951,-1.1905885417188105,-0.5317240672588056,-1.541569043779968,-1.6133238614146808,-0.8367359538221595,-2.5586314189275687
129,26.038,-1.1688688530888593,-0.5317240672588056,-1.5465980001815551,-1.6233793884058383,-0.8465232957884529,-2.559910190609045
130,26.115,-1.1500036229764168,-0.5317240672588056,-1.550502260086357,-1.6233793884058383,-0.8546784083105701,-2.559910190609045
131,26.211,-1.1284879439926367,-0.5317240672588056,-1.5544619898832877,-1.6233793884058383,-0.8636125766829404,-2.559910190609045
132,26.325,-1.1039540532286218,-0.5585993153435624,-1.5583757440306287,-1.6233793884058383,-0.873354140301742,-2.5591883120611607
133,26.427,-1.081503453918492,-0.5585993153435624,-1.561430174452694,-1.6338704446918089,-0.8818791291433806,-2.5099527729431115
134,26.518,-1.0598393938541726,-0.5585993153435624,-1.5639278973058741,-1.6443476172834364,-0.8897743201251997,-2.5116858734609404
135,26.627,-1.032602621419259,-0.5585993153435624,-1.5664769276498027,-1.6443476172834364,-0.8992666492587038,-2.4880416319034744
136,26.75,-1.0093523521468104,-0.5585993153435624,-1.5681599998743456,-1.6443476172834364,-0.9070093244968945,-2.4880416319034744
137,26.916,-0.9643110914532909,-0.5880026035475675,-1.570214133788806,-1.6443476172834364,-0.9211310571540603,-2.460833729854082
138,27.028,-0.927013123822926,-0.5880026035475675,-1.5707916375763737,-1.6443476172834364,-0.932012096670941,-2.435100090884088
139,27.126,-0.9010615872342168,-0.5880026035475675,-1.5706315131338697,-1.6652512621899433,-0.9391786861894513,-2.4116929954380617
140,27.21,-0.8780144679252692,-0.6327488350021832,-1.570121127369066,-1.6652512621899433,-0.9452795004355788,-2.343695141172983
141,27.303,-0.8530322732325539,-0.6327488350021832,-1.569191714224187,-1.6652512621899433,-0.9516241581202832,-2.343695141172983
142,27.394,-0.825782114664999,-0.6327488350021832,-1.567748147291748,-1.6652512621899433,-0.9582393819554018,-2.3206223132828394
143,27.491,-0.805256810148033,-0.6202494859828215,-1.5663747448757301,-1.6652512621899433,-0.9630195646087332,-2.2366127290842597
144,27.58,-0.7722560136790462,-0.702256931509007,-1.5636694176900015,-1.6745886672519394,-0.9703547521469281,-2.125103822996448
145,27.674,-0.7483624880626355,-0.6202494859828215,-1.5613402783107109,-1.6745886672519394,-0.9754056187879379,-2.1625724973363996
146,27.793,-0.7198602855793128,-0.702256931509007,-1.5581684398595432,-1.6745886672519394,-0.9811557791082527,-2.058829344968421
147,27.875,-0.6863239331146851,-0.702256931509007,-1.5539052736586305,-1.6756732655251305,-0.9875521144262791,-2.058829344968421
148,27.958,-0.6646422117631609,-0.6659692373791098,-1.55085216298086,-1.6756732655251305,-0.9914818266436045,-2.073752768770227
149,28.066,-0.6349909842898227,-0.6659692373791098,-1.5463095334927957,-1.6652512621899433,-0.9966027843135195,-2.043215640640146
150,28.162,-0.6044595176817465,-0.7454194762741583,-1.541199412533567,-1.6652512621899433,-1.0015788314907585,-1.9006215038298064
151,28.242,-0.5761068850663488,-0.7853981633974483,-1.5360705105141306,-1.6652512621899433,-1.0059378334791098,-1.7950310779039929
152,28.359,-0.5503098979350218,-0.702256931509007,-1.531090074730445,-1.6652512621899433,-1.0096905089629917,-1.838261967583037
153,28.475,-0.5088082906905397,-0.702256931509007,-1.522464352783446,-1.6652512621899433,-1.0153127871400223,-1.838261967583037
154,28.571,-0.48008064831278474,-0.7853981633974483,-1.5160597989710292,-1.6652512621899433,-1.0189125720071674,-1.6929914974862519
155,28.655,-0.4495989027337502,-0.8253768505207384,-1.508883888909553,-1.6548086386023912,-1.0224775354227813,-1.581621343729828
156,28.747,-0.42146757975450655,-0.8253768505207384,-1.5019193259727317,-1.6548086386023912,-1.0255396870166977,-1.5652867406711144
157,28.826999999999998,-0.394145283439602,-0.8253768505207384,-1.494845235007343,-1.6548086386023912,-1.0283082152612155,-1.5483596997290092
158,28.925,-0.3666951200521554,-0.8621700546672264,-1.4874343691423277,-1.6443476172834364,-1.0308890914366051,-1.4227169707398282
159,29.023,-0.33494877602493345,-0.8253768505207384,-1.478488446901305,-1.6338704446918089,-1.033627144187009,-1.424081967022471
160,29.153,-0.3014442411765296,-0.8621700546672264,-1.4686153583911006,-1.6233793884058383,-1.0362342593372154,-1.261920597449963
161,29.254,-0.2642301102865166,-0.8621700546672264,-1.4571348095675742,-1.6233793884058383,-1.0387951422648216,-1.261920597449963
162,29.358,-0.227839271389273,-0.8621700546672264,-1.4453894863134527,-1.6239377356398321,-1.0409634103501946,-1.2059689884744926
163,29.453,-0.19426156655118107,-0.8621700546672264,-1.4341003774374739,-1.6128767342367871,-1.0426730697762487,-1.1498057525426508
164,29.526,-0.16844571195591682,-0.8621700546672264,-1.4251274986449425,-1.5920697128189578,-1.043799436068807,-1.0937837784911444
165,29.616,-0.14192847473761147,-0.6022873461349642,-1.4156461692161297,-1.5920697128189578,-1.0447874281719456,-1.353113695482146
166,29.727,-0.10782282250399179,-0.5743048301747018,-1.4030580430505943,-1.5920697128189578,-1.0458079506026454,-1.352711152016345
167,29.829,-0.0693936258942506,-0.5743048301747018,-1.3883440699619052,-1.5601584302193552,-1.0466224244964029,-1.2900804840289446
168,29.923000000000002,-0.0391453778352285,-0.5485494024505281,-1.3763672176890591,-1.5495229407708355,-1.0470146065718648,-1.2457235254850016
169,30.029,-0.010856478407072677,-0.5880026035475675,-1.3648505035854697,-1.5495229407708355,-1.047183482130057,-1.1587333486998568
170,30.137,0.024672996337209284,-0.5485494024505281,-1.3499524344104659,-1.5388922623098742,-1.0471248810761324,-1.1305175152048248
171,30.257,0.061833540634778326,-0.24497866312686414,-1.3338512759692884,-1.5176549179499612,-1.0467409652783533,-1.4216768107780455
172,30.371,0.10388395594634661,-0.24497866312686414,-1.3149864598843712,-1.4956691708841345,-1.0459077482340222,-1.3642602536892203
173,30.461,0.13865175436440766,-0.4444192099010989,-1.2988668521910007,-1.4743225516123097,-1.044897676121362,-1.0432358850053565
174,30.539,0.1628841303242387,-0.4228539261329407,-1.2873497055852179,-1.453063751990803,-1.0440208085718519,-1.003129902423017
175,30.633,0.19295565340411164,-0.3347368373168147,-1.2727318704587813,-1.442473099109102,-1.0427339615318414,-1.074222058239659
176,30.72,0.2216528374401138,-0.35877067027057225,-1.2584424925502644,-1.442473099109102,-1.0412992946493633,-1.006630267334557
177,30.833,0.25449599133106043,-0.15264932839526515,-1.2416765167242074,-1.4125560023440176,-1.0394074835717213,-1.1954860577632664
178,30.929,0.2872252711826089,-0.11065722117389565,-1.2245247120430525,-1.402199387185467,-1.0372540595479227,-1.1971443739400816
179,31.04,0.31724882146827904,-0.28805544705062586,-1.2083948546746337,-1.3815973046949284,-1.0350403184100982,-0.9169935784819263
180,31.15,0.35324543737675085,-0.10308160852270024,-1.1885474729412868,-1.358968779313479,-1.0320811758234452,-1.1221591376904843
181,31.255,0.391915628387647,-0.24497866312686414,-1.1665950939053922,-1.358968779313479,-1.0285253085325639,-0.8891905038544913
182,31.322,0.41893160286397213,-0.03224688243525392,-1.150862300599387,-1.3408918986629919,-1.0258051273267386,-1.1648226243940891
183,31.471,0.4603049933483024,-0.15037142800713454,-1.126120549137676,-1.3308301530162505,-1.0212549387026493,-0.8765924424856396
184,31.582,0.49758894845718066,-0.15037142800713454,-1.1031346256761594,-1.3182420510168371,-1.0167466929304236,-0.8765924424856396
185,31.701999999999998,0.5314691594736649,0.029403288204005115,-1.08166250415441,-1.3182420510168371,-1.0123055256901508,-1.078765175227158
186,31.794,0.5623087381205275,0.08550529367820464,-1.0616188094161918,-1.2981865068142746,-1.0079700173408317,-1.1128240257600577
187,31.879,0.5916828566316311,0.08314123188844123,-1.0420725496474919,-1.27835333934286,-1.0035739369474939,-1.0401674636667695
188,31.956,0.6141627760702686,0.11065722117389565,-1.0268056910451948,-1.268523828214782,-1.0000294864002357,-0.9982621026785975
189,32.052,0.6413038822535335,0.13082739607405697,-1.00800730906291,-1.268523828214782,-0.9955366185900493,-1.0184322775787589
190,32.134,0.6685148563805818,0.19739555984988075,-0.9887472025587143,-1.2555816270441855,-0.9907915410438014,-1.0327521189692719
191,32.226,0.6940077065153477,0.26211984126547283,-0.9703160304982004,-1.2457884549282485,-0.9861211037734865,-1.047518004662921
192,32.314,0.7195678632626082,0.25615138256560344,-0.951448128091798,-1.2360594894780819,-0.9812132581594294,-1.0035931007747374
193,32.432,0.7541409187910875,0.300171170830112,-0.9252859447821219,-1.2229079355149013,-0.9742036725811709,-0.9859006817363983
194,32.525,0.7839731783256804,0.3217505543966422,-0.902094292068866,-1.1999050379822342,-0.967798830124988,-0.9687977476169651
195,32.632,0.8092079061673428,0.34161549064780716,-0.8820112948526252,-1.1864214970261047,-0.9621126115455507,-0.9781237064357582
196,32.748,0.8400074607083646,0.4266274931268761,-0.8568960840770147,-1.154731821071074,-0.9548250038892445,-0.9907112141765331
197,32.834,0.8673463385936301,0.4266274931268761,-0.8340220925277727,-1.1503909755921538,-0.9480223659072012,-0.9371158150436518
198,32.923,0.8902510116626168,0.4266274931268761,-0.8144183208349839,-1.1503909755921538,-0.9420705803733677,-0.9371158150436518
199,33.06,0.924887121361388,0.47249693551706384,-0.7839731783256821,-1.1414489854337304,-0.9326113652312655,-0.9514105340646498
200,33.145,0.9515353823931622,0.5467888408892474,-0.759858129040111,-1.1414489854337304,-0.9249378447213148,-0.9562260504153901
201,33.279,0.9854629905280269,0.5467888408892474,-0.7282295813242492,-1.131534126966809,-0.9146385579647225,-0.9562260504153901
202,33.372,1.0083436878091845,0.6078019961139605,-0.706278435252964,-1.1122248163273891,-0.9073380129017377,-0.9508259365346639
203,33.479,1.0311143319858687,0.6078019961139605,-0.6839062292899932,-1.1122248163273891,-0.8997719856985739,-0.9508259365346639
204,33.602,1.0595965524765494,0.647047193220323,-0.6551384514648019,-1.1174576309403337,-0.8898610484540779,-0.9321649283929192
205,33.718,1.089825013111557,0.6640461628266846,-0.623586830661663,-1.1123570040331623,-0.8787610910264493,-0.9332136556123851
206,33.81,1.1125802050292046,0.714090698612158,-0.5990908500322646,-1.1071487177940904,-0.8699811534804791,-0.927459340763966
207,33.907,1.1360128866650474,0.7509290623979403,-0.5731471125702667,-1.1071487177940904,-0.860530826821506,-0.9160777398125671
208,34.021,1.1638004521872867,0.8183532610117464,-0.5413638377783866,-1.1071487177940904,-0.8487449268442848,-0.8988242722772073
209,34.114,1.1815293362107557,0.8183532610117464,-0.5204643381249845,-1.1015307993691352,-0.8408719237001999,-0.8988242722772073
210,34.205,1.2018888339411824,0.8288490587889792,-0.49582034779285616,-1.118642464509121,-0.831464801137624,-0.8771984454408821
211,34.285,1.2197021619346404,0.9123709530115273,-0.4736547198700416,-1.1133214788988715,-0.8228908975998371,-0.8489640010446953
212,34.426,1.2431862507537905,0.9388220849762935,-0.44350092331071045,-1.1135180584127538,-0.8110577080343853,-0.8596230140068419
213,34.545,1.267699816146057,0.9670469933974603,-0.41078743945153307,-1.1270136540452556,-0.7980020271262981,-0.8407388763342201
214,34.647,1.290983686158089,0.9670469933974603,-0.37841374441207015,-1.1416178187935986,-0.7848614378172107,-0.8407388763342201
215,34.722,1.306160793325203,0.9944211062037129,-0.3565570615670202,-1.1428478304734144,-0.7758669681248574,-0.821560499416568
216,34.84,1.3245014969512774,1.0584068664841588,-0.3292680686373489,-1.1372148428431348,-0.7644992541517589,-0.817051375908755
217,34.96,1.3412113287556326,1.0584068664841588,-0.3034888318843488,-1.1383885512243588,-0.7536209036853005,-0.817051375908755
218,35.048,1.361827546259765,1.0714496051147666,-0.2703356683883697,-1.1383885512243588,-0.739432920451675,-0.7931499461096553
219,35.139,1.3753884010035249,1.1302659861783835,-0.24762196177422016,-1.148791296892679,-0.7295846250153248,-0.7662870296687394
220,35.236,1.3905180922048492,1.1302659861783835,-0.22132713756843114,-1.148791296892679,-0.7180542734575126,-0.7662870296687394
221,35.361,1.409458564370257,1.1692157866860171,-0.1868051743573159,-1.1606689862534056,-0.7027062502688362,-0.7643240004009337
222,35.476,1.4251966703140833,1.1808784628640445,-0.15655668882815757,-1.2068173702852525,-0.689062605746366,-0.7433686907465916
223,35.557,1.4379224477599561,1.2018367805890402,-0.13089445259326535,-1.194835372923591,-0.6773445514767397,-0.7187111157717065
224,35.642,1.446781202127476,1.2606282660069106,-0.11230792293300461,-1.215160442494137,-0.6687754605937221,-0.7005068818235175
225,35.763,1.459396921706531,1.2606282660069106,-0.0846730450038191,-1.215160442494137,-0.6559073048485308,-0.7005068818235175
226,35.859,1.4743328001303981,1.2758592679460896,-0.04988794276173774,-1.2698760924344714,-0.6394926480637694,-0.691778212923282
227,35.954,1.4841786885206771,1.331564726831236,-0.02549535848522171,-1.3078015951139772,-0.6278374097666118,-0.6741756221069846
228,36.046,1.4935089081094124,1.3572358933144084,-0.001096622622152368,-1.3078015951139772,-0.6160594671407992,-0.6676968770269733
229,36.123,1.502320217168911,1.3572358933144084,0.02330237783688032,-1.3258176636680326,-0.6041611220634134,-0.6676968770269733
230,36.21,1.509066663549841,1.382574821490126,0.043037055204617265,-1.3473197256542635,-0.5944489854694998,-0.6625041277160292
231,36.312,1.5188785354592904,1.39408747072486,0.0737207872867125,-1.3045442776439713,-0.5791905461808212,-0.6457094232013417
232,36.394,1.5259238013051177,1.3981148351768913,0.09753663471047812,-1.217805938967986,-0.5672140575936312,-0.612716671779443
233,36.518,1.5332529919293179,1.4112446058616368,0.12433647143990177,-1.7359450042095235,-0.5535965472722923,-0.5800070165830717
234,36.593,1.539871353245062,1.4352686128093959,0.15082704722265503,3.0419240010986313,-0.5399887985795906,-0.5953789931712163
235,36.686,1.545620074021776,1.4589060606232205,0.17618473497317894,3.0419240010986313,-0.5268244405889267,-0.5648466813851843
236,36.779,1.5505724825098506,1.48114961047341,0.2004083935392972,3.0419240010986313,-0.5141209775968721,-0.5538543924717979
237,36.879,1.5551718455204533,1.493174818057503,0.22566899865827925,3.0419240010986313,-0.5007392574109777,-0.5584539939663574
238,36.954,1.5589403803006041,1.5159064642007427,0.24924619230880343,2.5748634360662868,-0.48812407823106535,-0.5568371024617206
239,37.054,1.562666062793795,1.5159064642007427,0.27654497051683413,2.1025203940537023,-0.47336468588318964,-0.5568371024617206
240,37.13,1.5650367821927609,1.5268685597180067,0.2972996322932341,2.05527425583192,-0.4620322370633593,-0.5339741698853557
241,37.229,1.5671139107432674,1.5273454314033659,0.3193428734455591,2.0169018757383004,-0.44988963765641254,-0.5074066391401855
242,37.335,1.5692188537321552,1.5490606199531038,0.3496114315510923,2.0183163019520665,-0.4330346625117956,-0.5063387415845668
243,37.434,1.5703870272676048,1.5707963267948966,0.3776154484026703,2.0344439357957027,-0.41725056374693437,-0.4947256824842483
244,37.53,1.5707825462476324,1.5819069806925041,0.40125325826087627,2.0054665419441413,-0.40378261249349795,-0.4799395636826522
245,37.613,1.5706323064457997,1.5927708110915593,0.42479425268702,1.967875772019879,-0.3902357461043627,-0.4753131801512256
246,37.69,1.5700004284417544,1.5930148921216156,0.44665596477243846,1.9195673303788037,-0.3775333693622109,-0.47555726118128194
247,37.785,1.5687288340979688,1.6037514244091948,0.4710400510312097,1.892546881191539,-0.3632244541748442,-0.47096729809342674
248,37.866,1.5672034152755956,1.6037514244091948,0.49139579613577045,1.9004207342156394,-0.3511635335797097,-0.44536553921168553
249,37.962,1.5648094110250126,1.6037514244091948,0.5158057314941331,1.8580777801920307,-0.3365586992077222,-0.4198308153453263
250,38.077,1.5613822831136195,1.6152115420418074,0.5431649478227624,1.8580777801920307,-0.32000155759729626,-0.401864882322877
251,38.195,1.5567500730776918,1.626917109496073,0.5728918496037587,1.8406454827333658,-0.3017809246330194,-0.38491347420613087
252,38.307,1.5507824242574673,1.6381102025876018,0.604408908425287,1.8251643853481625,-0.282193055144991,-0.39974018117680243
253,38.395,1.5455026076651923,1.65017464135447,0.6283642993832257,1.7894652726688385,-0.26711339761914904,-0.38694542296490675
254,38.518,1.539741299928912,1.6396528160959412,0.651648083437446,1.7894652726688385,-0.25229356832903815,-0.35175734282912985
255,38.603,1.5318824080539748,1.6396528160959412,0.6799546610224898,1.7714492041147831,-0.23405420309211403,-0.35175734282912985
256,38.689,1.5253756518881931,1.6520126332456342,0.7011312265169544,1.7714492041147831,-0.22024470001828933,-0.36103341497398067
257,38.768,1.5192971167468101,1.6529638491565966,0.7194703821422342,1.749206826145937,-0.20816863162969693,-0.34841957151262526
258,38.884,1.5116871250297923,1.6559557194146033,0.7408309128727878,1.7410082520803711,-0.19396266424757222,-0.30620645529472545
259,38.98,1.5001905916775693,1.6680495250464624,0.770393162680455,1.718956347526728,-0.1740450981375268,-0.3207297993921989
260,39.061,1.4914573195130945,1.6704649792860586,0.7910894752181384,1.682999141792151,-0.1599173965650248,-0.2992240361964491
261,39.166,1.4830980623159464,1.6704649792860586,0.8097247971442721,1.6799497897037743,-0.14706285158814844,-0.2992240361964491
262,39.254,1.4710137685306321,1.6591731129397453,0.8349511673408967,1.6799497897037743,-0.12945330064288188,-0.2702525278723027
263,39.356,1.4604894887735327,1.6730030449021502,0.8555169956307209,1.6799497897037743,-0.11491350185678878,-0.2840824598347076
264,39.459,1.445754192372272,1.6756732655251305,0.8824649538304479,1.660300145146507,-0.09560186443495627,-0.27561215020551666
265,39.612,1.4318995591583183,1.6638600555193146,0.9061297154768981,1.6456561745056635,-0.07838995935448204,-0.24309068550852575
266,39.734,1.4139309244174776,1.6528037723210822,0.934786155435347,1.6316965350728847,-0.05721520126150692,-0.22064718266034378
267,39.909,1.3894453982162238,1.6551030593211034,0.9707471613721421,1.6316965350728847,-0.030098147967180317,-0.21152294959409468
268,40.011,1.3660701921532887,1.6563016204731014,1.002319083223034,1.6069251773076723,-0.005757240231131653,-0.20261403824506896
269,40.126,1.3468304483130364,1.6441936526965082,1.026598203458462,1.5822900735099272,0.013323606450042075,-0.16834903224436792
270,40.211,1.3310055319566756,1.6797382837847623,1.045555339587997,1.5822900735099272,0.02845385700866605,-0.19410134960957248
271,40.345,1.3159453665292478,1.6797382837847623,1.0628306117138133,1.559560844536934,0.04242768282173915,-0.19410134960957248
272,40.459,1.291920066189669,1.6832234576250868,1.088995485081739,1.559560844536934,0.0639481240501066,-0.17484594082614757
273,40.582,1.266533229076799,1.6704649792860586,1.1149773975789756,1.559807758112163,0.085769374360703,-0.12530406101283953
274,40.693,1.246196512779934,1.6756732655251305,1.1346866582124713,1.559807758112163,0.10264330932840852,-0.10487693873023396
275,40.805,1.2211519907529482,1.6648575614228829,1.1577420281591597,1.5182132651839548,0.12275816229613529,-0.06704078544072156
276,40.906,1.1987056032082783,1.6307244819161044,1.17736475231279,1.5182132651839548,0.14021944350645696,0.041175216615090715
