,time,targetX,endEffectorX,targetY,endEffectorY,targetZ,endEffectorZ,orangeX,orangeY,orangeZ
0,9.804,0.03947330454452608,0.03947330454452608,0.3216635113894228,0.03913006493497154,5.2104761998774425,8.999913436151946,2.316732911385854,-1.1934669805166316,6.9286695929582285
1,10.002,2.3015304851361007,-0.0,0.3635831219691726,0.03913006493497154,7.114215084873503,9.039386740696473,2.316732911385854,-1.1347718831141742,6.9286695929582285
2,10.194,2.2941605609050395,-0.0,0.4523804739151102,0.03913006493497154,7.109903715337222,9.039386740696473,2.316732911385854,-1.0565117532442314,6.9286695929582285
3,10.387,2.284742766259986,-0.0,0.5438037722963506,0.03913006493497154,7.100485920692169,9.039386740696473,2.316732911385854,-0.9782516233742883,6.9286695929582285
4,10.551,2.277464393882727,-0.0,0.6189184983870359,0.03913006493497154,7.101047278111533,9.039386740696473,2.316732911385854,-0.9391215584393166,6.9286695929582285
5,10.731,2.2683598029480496,-0.0,0.6860252222971207,0.07826012986994306,7.098439254907832,9.039386740696473,2.316732911385854,-0.8804264610368595,6.9286695929582285
6,10.899000000000001,2.2506890905346078,-0.0,0.7239062012969734,0.1173901948049146,7.088896178778628,9.039386740696473,2.316732911385854,-0.8608614285693738,6.9286695929582285
7,11.062,2.2499783590379865,-0.0,0.7736105071071638,0.1173901948049146,7.085458165742431,9.039386740696473,2.316732911385854,-0.821731363634402,6.9286695929582285
8,11.224,2.1940329485870325,-0.0,0.8146464431247834,0.11739019480491461,7.061523379121486,9.039386740696473,2.316732911385854,-0.821731363634402,6.9286695929582285
9,11.392,2.1315584454044085,0.39473304544526083,0.8999914935043452,0.2347803896098292,7.026248208925643,9.039386740696473,2.316732911385854,-0.821731363634402,6.9286695929582285
10,11.552,2.061785091140386,-1.7762987045036736,1.0234372473694782,0.2347803896098292,6.999184999089909,8.447287172528581,2.316732911385854,-0.821731363634402,6.9286695929582285
11,11.734,2.0309525951132517,1.4605122681474652,1.0711485087956214,0.7043411688294875,6.967948952128253,7.026248208925644,2.316732911385854,-0.821731363634402,6.9286695929582285
12,11.946,1.88501412163424,4.460483413531447,1.215427487540378,0.8608614285693736,6.915053663964491,0.15789321817810445,2.316732911385854,-0.7826012986994306,6.9286695929582285
13,12.13,1.820741106376269,3.5131241044628214,1.2106365384278568,0.7826012986994306,6.896525255236484,-0.5131529590788391,2.316732911385854,-0.821731363634402,6.9286695929582285
14,12.31,1.7884473945772683,3.513124104462822,1.2459178423983073,0.8608614285693736,6.861035660962,-0.6315728727124177,2.35620621593038,-0.8608614285693739,6.9286695929582285
15,12.477,1.7291169747949504,3.473650799918295,1.2705245964891898,0.9782516233742882,6.833295449259993,-0.5526262636233651,2.35620621593038,-0.8608614285693739,6.9286695929582285
16,12.647,1.657101804742434,3.3552308862847173,1.3677383515620094,1.682592792203776,6.8028255467591014,-0.4736796545343133,2.35620621593038,-0.8608614285693739,6.9286695929582285
17,12.804,1.646686576742801,3.394704190829243,1.4733159669499094,1.3304222077890318,6.799109264272532,-0.47367965453431293,2.35620621593038,-0.821731363634402,6.9286695929582285
18,12.985,1.584248212449836,3.592070713551874,1.4784185904688036,0.8608614285693736,6.770867926633926,-0.6710461772569434,2.35620621593038,-0.8608614285693738,6.9286695929582285
19,13.176,1.4946695420231986,2.9604978408394564,1.495955948062645,1.486942467528918,6.729002227593995,-0.23683982726715636,2.35620621593038,-0.899991493504345,6.9286695929582285
20,13.34,1.4162385144266103,3.5920707135518737,1.6297526358528374,1.9956333116835476,6.690725120297172,-0.5526262636233653,2.35620621593038,-0.821731363634402,6.9286695929582285
21,13.505,1.3235687643045004,3.4736507999182957,1.6709199288999625,2.191283636358406,6.660502166875613,-0.5131529590788392,2.35620621593038,-0.8217313636344021,6.9286695929582285
22,13.666,1.1379100372016284,3.197337668106613,1.6749513955509778,2.3869339610332636,6.597300067381195,0.27631313181168243,2.316732911385854,-0.8608614285693738,6.9286695929582285
23,13.85,1.0398531832610638,3.2762842771956655,1.7021578246712612,2.465194090903206,6.567831212123847,0.6710461772569432,2.2772596068413278,-0.8999914935043453,6.928669592958228
24,14.007,0.9473593090686259,3.157864363562087,1.7160577867026052,2.7782346103829787,6.532831902119067,1.1052525272467302,2.2772596068413278,-0.8999914935043453,6.928669592958228
25,14.163,0.9276226567963629,3.1973376681066137,1.772449359469456,2.8956248051878934,6.523076811170533,1.1052525272467302,2.2772596068413278,-0.8999914935043453,6.928669592958228
26,14.334,0.9078860045240998,2.960497840839456,1.8402713821129402,2.8564947402529213,6.493358597574541,1.6973520954146213,2.316732911385854,-0.8608614285693738,6.9286695929582285
27,14.498,0.8673237147711923,3.1183910590175605,1.8402713821129402,2.81736467531795,6.416726082053301,2.0131385317708306,2.9210245362949303,-0.8608614285693738,6.769671729386223
28,14.671,0.7907815464740979,2.9604978408394564,1.9021333780813017,2.3086738311633206,6.3883040499664006,2.5657647953941956,2.9210245362949303,-0.8608614285693738,6.769671729386223
29,14.837,0.6697307216733673,3.078917754473035,1.9313316574308195,2.113023506488463,6.401046622460052,2.960497840839456,2.7631313181168258,-0.8608614285693738,6.80914503393075
30,15.0,0.5723629158956282,3.3947041908292435,1.9412120943592848,2.073893441553491,6.360387962334721,3.1578643635620867,2.7631313181168258,-0.8608614285693738,6.80914503393075
31,15.167,0.4290204193237656,3.5131241044628214,1.963577419864872,2.0347633766185194,6.2959920748519105,3.7894372362745044,2.7631313181168258,-0.8608614285693738,6.80914503393075
32,15.33,0.4194412043049036,3.5131241044628214,1.9784207641990301,1.79998298700869,6.291020568264531,3.7894372362745044,2.7631313181168258,-0.8608614285693738,6.80914503393075
33,15.53,0.34288819434091167,3.3947041908292435,1.9936593737765198,1.643462727268804,6.262496142656931,4.144696977175238,2.7631313181168258,-0.8608614285693738,6.80914503393075
34,15.697,0.2640463880318697,3.43417749537377,2.015703471637224,1.252162077919089,6.227893155808739,4.381536804442395,2.7631313181168258,-0.8608614285693738,6.80914503393075
35,15.858,0.1692348063826549,3.394704190829243,2.0161787452530726,1.252162077919089,6.185967225286045,4.6578499362540775,2.7631313181168258,-0.8608614285693738,6.80914503393075
36,16.028,0.10415589388529539,3.434177495373769,2.0326079271798108,1.1347718831141744,6.16898797029474,4.894689763521234,2.7631313181168258,-0.8608614285693738,6.80914503393075
37,16.206,0.005352169558451215,3.315757581740191,2.0326246453472017,0.8999914935043452,6.128878621292221,5.171002895332918,2.7631313181168258,-0.8608614285693738,6.80914503393075
38,16.372,2.7631313181168258,3.078917754473035,2.0366620827722857,0.8608614285693736,6.80914503393075,5.447316027144599,2.7631313181168258,-0.8608614285693738,6.80914503393075
39,16.534,2.7631313181168258,2.368398272671565,2.026473553901888,0.9782516233742884,6.80914503393075,6.236782118035122,2.1374466751594636,-0.8608614285693738,6.781539740750135
40,16.698,-0.3257728161985586,3.5525974090073476,2.0217542540781883,0.8999914935043449,5.993363808220429,5.052582981699339,2.1374466751594636,-0.8608614285693738,6.781539740750135
41,16.866,-0.3415004609780181,3.5525974090073476,2.0067664170115735,0.8608614285693736,5.987570744208141,5.052582981699339,2.1374466751594636,-0.8608614285693738,6.781539740750135
42,17.042,-0.4099330624357037,3.434177495373769,1.995633311683548,0.8217313636344021,5.9691941188167,5.249949504421969,2.1374466751594636,-0.8608614285693738,6.781539740750135
43,17.201,-0.4884448002191963,3.3157575817401908,1.992632400636747,0.8217313636344021,5.935760827363795,5.407842722600074,2.1374466751594636,-0.8608614285693738,6.781539740750135
44,17.374,-0.5809471068192212,3.1578643635620867,1.9876802406243772,0.8217313636344021,5.89578639688267,5.605209245322704,2.1374466751594636,-0.8608614285693738,6.781539740750135
45,17.541,-0.738651198141445,3.0789177544730344,1.9557043571782182,0.7826012986994307,5.83070748438531,5.6446825498672295,1.8157720090482,-0.8608614285693738,6.809145033930749
46,17.739,-0.8082498811054506,3.2762842771956646,1.9247291754659308,0.9391215584393167,5.8101757765405555,5.486789331689126,1.7762987045036738,-0.8608614285693738,6.80914503393075
47,17.931,-0.9386149024008796,2.565764795394195,1.8710638581387335,0.7826012986994307,5.779432423107913,6.0788888998570165,1.7368253999591476,-0.8608614285693738,6.80914503393075
48,18.099,1.7368253999591476,2.1710317499489347,1.8286522557757439,0.9391215584393168,6.80914503393075,6.315728727124173,1.6973520954146215,-0.8608614285693738,6.80914503393075
49,18.274,1.6973520954146215,2.1710317499489347,1.809311724413231,0.9391215584393167,6.80914503393075,6.315728727124173,1.6634995928416765,-0.8608614285693738,6.8011487022789385
50,18.475,1.6634995928416765,2.2894516635825126,1.7555377389979878,0.8608614285693736,6.8011487022789385,6.23678211803512,1.5986688340533064,-0.8608614285693738,6.80914503393075
51,18.656,1.5986688340533064,2.01313853177083,1.714224759063592,1.0173816883092597,6.80914503393075,6.394675336213226,1.5478948987125096,-0.8608614285693738,6.799688691136727
52,18.836,1.5478948987125096,1.499985572691991,1.6669875770984837,0.23478038960982914,6.799688691136727,6.710461772569434,1.5478948987125096,-0.8608614285693738,6.799688691136727
53,19.035,-1.3657669411292912,-1.1052525272467304,1.6120600381332162,0.2739104545448008,5.600456981332587,6.828881686203013,1.5478948987125096,-0.8608614285693738,6.799688691136727
54,19.202,-1.440775615875202,-1.6184054863255692,1.551273975651989,0.3130405194797722,5.570536389954507,6.74993507711396,1.5478948987125096,-0.8608614285693738,6.799688691136727
55,19.395,-1.509782825678461,-1.381565659058413,1.4823330299480775,0.3521705844147438,5.550723846013961,6.74993507711396,1.3815656590584129,-0.8608614285693738,6.8486183384752755
56,19.595,-1.6086082333390999,-1.3815656590584127,1.3810376537220672,0.4304307142846868,5.511250541469433,6.789408381658486,1.3026190499693608,-0.8608614285693738,6.848618338475276
57,19.773,-1.6726451411846344,-1.3420923545138868,1.2853297278693094,0.5086908441546298,5.482321360297657,6.789408381658486,1.2631457454248347,-0.8608614285693738,6.8486183384752755
58,19.956,-1.7192269653250234,-1.3026190499693606,1.213291144578688,0.5869509740245729,5.4546160828556545,6.789408381658486,1.2236724408803086,-0.8608614285693738,6.848618338475275
59,20.141,-1.7307865914971816,-1.3026190499693606,1.1505359208096873,0.6260810389595444,5.44534163913958,6.789408381658486,1.2236724408803086,-0.8608614285693738,6.848618338475275
60,20.308,1.2236724408803086,-1.3026190499693608,1.123008264044521,0.6260810389595444,6.848618338475275,6.74993507711396,1.1841991363357824,-0.8804264610368595,6.8486183384752755
61,20.512,-1.859684373872468,-1.5789321817810433,1.0259963211352146,0.7043411688294876,5.4081812235332105,6.670988468024909,1.1447258317912565,-0.9391215584393168,6.8486183384752755
62,20.687,1.1447258317912565,-1.697352095414622,0.9757283742529627,0.7434712337644591,6.8486183384752755,6.631515163480382,1.0657792227022043,-0.9978166558417739,6.868354990747537
63,20.858,1.0657792227022043,-1.697352095414622,0.9757283742529627,0.743471233764459,6.868354990747537,6.631515163480382,1.0657792227022043,-1.076076785711717,6.868354990747537
64,21.037,1.0657792227022043,-1.8157720090482001,0.3913006493497153,0.8217313636344019,6.868354990747537,6.55256855439133,1.0657792227022043,0.3654985462903303,6.888091643019801
65,21.226,-2.1823661103755536,-2.01313853177083,0.3913006493497153,0.821731363634402,5.299236926768139,6.473621945302278,0.9868326136131523,-1.2325970454516033,6.907828295292066
66,21.408,-2.195256852316806,-2.01313853177083,0.3913006493497153,0.8608614285693736,5.296332564669235,6.473621945302278,0.9868326136131523,-1.3108571753215463,6.907828295292066
67,21.605,-2.3015304851361007,-1.7368253999591474,0.3689711484885388,0.8999914935043454,5.280402542107687,6.552568554391329,0.947359309068626,-1.3499872402565178,6.907828295292066
68,21.795,-2.3574758955870556,-2.131558445404409,0.3268712205319219,0.8999914935043454,5.2624463324659425,6.3946753362132265,0.947359309068626,-1.3891173051914891,6.907828295292066
69,21.969,-2.3659215541002894,-2.131558445404409,0.13935547844791588,0.8217313636344021,5.266145750137336,6.3946753362132265,0.9078860045241,-1.5065074999964039,6.907828295292066
70,22.125,-2.392599282446331,-1.7368253999591474,0.04814951624276694,0.8217313636344021,5.24994950442197,6.552568554391329,0.9078860045241,-1.6043326623338328,6.907828295292066
71,22.329,-2.4788049898381574,-1.5394588772365172,-0.020172857267653624,0.8217313636344021,5.2272289844935536,6.631515163480382,0.8684126999795738,-1.66302775973629,6.947301599836591
72,22.485,-2.525137455639902,-1.9736652272263042,-0.1173901948049146,0.7826012986994306,5.213004717523895,6.473621945302277,0.8684126999795738,-1.7217228571387473,6.947301599836591
73,22.656,-2.527445526059437,-1.9736652272263042,-0.23861959733584037,0.743471233764459,5.212565027699715,6.473621945302277,0.8684126999795738,-1.7804179545412044,6.947301599836591
74,22.853,-2.5507828163713597,-2.0526118363153563,-0.43043071428468677,0.665211103894516,5.203795323809207,6.434148640757751,0.8684126999795738,-1.8978081493461192,6.947301599836591
75,23.066,-2.5863193912024003,-2.2105050544934612,-0.49348925337636496,0.586950974024573,5.196391669947799,6.3946753362132265,0.8486760477073108,-1.9565032467485768,6.967038252108854
76,23.231,-2.629837842129388,-2.328924968127039,-0.5556521763577759,0.586950974024573,5.194261884717246,6.355202031668701,0.8486760477073108,-1.9760682792160622,6.967038252108854
77,23.397,-2.6574744556810397,-2.447344881760617,-0.6794239344870462,0.5086908441546298,5.1899866540706245,6.236782118035122,0.8486760477073108,-2.073893441553491,6.967038252108854
78,23.57,-2.6740838893681715,-2.6052380999387217,-0.8712792351639994,0.35217058441474375,5.183950254867969,6.157835508946069,0.8486760477073109,-2.191283636358406,7.00651155665338
79,23.741,-2.684184709027774,-2.6447114044832474,-0.9287037518446912,0.35217058441474375,5.187372607718645,6.157835508946069,0.8486760477073109,-2.230413701293377,7.00651155665338
80,23.916,-2.686445798890752,-2.6447114044832474,-1.076076785711717,0.15652025973988612,5.185309077119135,6.157835508946069,0.8486760477073109,-2.328238863630806,7.00651155665338
81,24.101,-2.6890285248716927,-2.7631313181168258,-1.1598443575823951,0.15652025973988612,5.187252144753117,6.118362204401543,0.8486760477073109,-2.3869339610332636,7.00651155665338
82,24.262,-2.698659538965732,-2.960497840839456,-1.2398563125640205,0.03913006493497152,5.201737816357973,6.039415595312491,0.8881493522518368,-2.465194090903206,7.026248208925643
83,24.462,-2.6988113223022983,-2.999971145383982,-1.4029348705406883,-0.15652025973988612,5.208472900760696,5.960468986223439,0.8881493522518368,-2.543454220773149,7.026248208925643
84,24.633,-2.6988113223022983,-2.999971145383982,-1.5026193319230314,-0.2739104545448007,5.208472900760696,5.960468986223439,0.8881493522518368,-2.6217143506430927,7.026248208925643
85,24.814,-2.688505715601297,-3.078917754473034,-1.5604128424411534,-0.3130405194797723,5.212425290659701,5.960468986223439,0.9276226567963629,-2.6608444155780644,7.026248208925644
86,25.001,-2.66159428910213,-3.1973376681066132,-1.6385332561978947,-0.3913006493497153,5.233066619803087,5.920995681678913,0.9670959613408889,-2.739104545448007,7.0657215134701685
87,25.175,-2.6468990119372533,-3.197337668106613,-1.8020823111711561,-0.665211103894516,5.246683753426479,5.881522377134387,0.986832613613152,-2.81736467531795,7.065721513470169
88,25.356,-2.624974752210985,-3.276284277195665,-1.8577561968949798,-0.665211103894516,5.265728948276607,5.842049072589861,1.0065692658854153,-2.9347548701228647,7.065721513470169
89,25.524,-2.594359089521802,-3.3157575817401916,-2.0162062108137877,-0.9391215584393166,5.278543798549576,5.8420490725898615,1.0460425704299414,-2.9738849350578365,7.085458165742432
90,25.73,-2.5903789931407255,-3.3157575817401916,-2.0860535200212897,-1.0565117532442312,5.278460679103361,5.8420490725898615,1.0460425704299414,-3.05214506492778,7.085458165742432
91,25.925,-2.5650143111189503,-3.2762842771956655,-2.221388279211513,-1.2130320129841174,5.296861397087907,5.802575768045335,1.065779222702204,-3.091275129862751,7.085458165742431
92,26.132,-2.5252434630495677,-3.3552308862847173,-2.310769572861345,-1.330422207789032,5.313216653917774,5.763102463500808,1.1052525272467304,-3.130405194797722,7.105194818014695
93,26.326,-2.4868181863051437,-3.3552308862847173,-2.4221686929659807,-1.5652025973988613,5.3416025471150155,5.763102463500808,1.1447258317912563,-3.2086653246676655,7.124931470286958
94,26.501,-2.4018604752361963,-3.3552308862847173,-2.4787059526201007,-1.5652025973988613,5.38810607032781,5.763102463500808,1.2236724408803088,-3.247795389602637,7.124931470286959
95,26.678,-2.38019400625616,-3.3552308862847173,-2.499463945746462,-1.7217228571387475,5.394639981578101,5.763102463500808,1.2631457454248347,-3.2869254545376085,7.124931470286959
96,26.889,-2.281562543970022,-3.3157575817401908,-2.6128799933314184,-1.8391130519436618,5.440990516824675,5.723629158956282,1.342092354513887,-3.3651855844075516,7.144668122559221
97,27.095,-2.2715532761642216,-3.3157575817401908,-2.695449827923967,-1.995633311683548,5.449416901263424,5.723629158956282,1.342092354513887,-3.404315649342523,7.144668122559221
98,27.259,-2.2153223684849634,-3.3157575817401908,-2.719780732252887,-2.073893441553491,5.476752357401254,5.723629158956282,1.381565659058413,-3.443445714277495,7.144668122559222
99,27.439,-2.1275337777260863,-3.2762842771956655,-2.8011050633747563,-2.1912836363584054,5.521510372243535,5.684155854411756,1.4605122681474652,-3.482575779212466,7.164404774831484
100,27.615,-2.0620103568859247,-3.2368109726511394,-2.8011050633747563,-2.269543766228349,5.545999288505914,5.684155854411756,1.4605122681474652,-3.5217058441474376,7.164404774831484
101,27.78,-1.9932753933847622,-3.197337668106613,-2.8011050633747563,-2.386933961033263,5.582448972615665,5.723629158956283,1.5789321817810433,-3.01113181785162,7.184141427103747
102,27.954,-1.8175741350125132,-3.039444449928508,-2.8011050633747563,-2.4651940909032066,5.66155338818956,5.723629158956282,1.7170887476868846,-3.08572708659835,7.184141427103747
103,28.134,-1.719000494949829,-2.9604978408394564,-2.8011050633747563,-2.4651940909032066,5.7046405816999535,5.723629158956283,1.7960353567759368,-3.1254566172497937,7.184141427103747
104,28.306,-1.636247256150062,-2.881551231750404,-2.8011050633747563,-2.5434542207731496,5.7388327898356915,5.763102463500808,1.8355086613204628,-3.134671909947034,7.20387807937601
105,28.51,-1.5482888126097893,-2.802604622661352,-2.8011050633747563,-2.660844415578064,5.779140902731333,5.763102463500808,1.9144552704095152,-3.2263794171739324,7.20387807937601
106,28.68,-1.4439606566837875,-2.6841847090277735,-2.8011050633747563,-2.699974480513036,5.8266249944835335,5.802575768045334,1.9934018794985668,-3.2598814304719865,7.20387807937601
107,28.863,-1.4250371294288449,-2.6841847090277735,-2.8011050633747563,-2.7391045454480074,5.8279284037705565,5.802575768045334,1.9934018794985668,-3.274185016830357,7.20387807937601
108,29.059,-1.3488708055842007,-2.565764795394195,-2.8011050633747563,-2.7782346103829787,5.863623989716094,5.842049072589861,1.9934018794985668,-3.3120242004117304,7.20387807937601
109,29.25,-1.25457480542745,-2.4868181863051437,-2.8011050633747563,-2.7782346103829787,5.903986310946225,5.881522377134386,2.1118217931321452,-3.3216013220175196,7.223614731648273
110,29.438,-1.1588910719078056,-2.368398272671565,-2.8011050633747563,-2.81736467531795,5.948490148931239,5.920995681678912,2.1907684022211975,-3.3417299955570665,7.223614731648274
111,29.627,-1.0628122198612262,-2.2499783590379865,-2.8011050633747563,-2.8173646753179504,5.98396287839055,5.920995681678913,2.26971501131025,-3.3417299955570665,7.223614731648273
112,29.825,-0.818615719289217,-1.9341919226817779,-2.8011050633747563,-2.8564947402529217,6.091889263096902,6.039415595312491,2.4276082294883543,-3.3417299955570665,7.243351383920537
113,29.996,-0.7961903336263477,-1.9341919226817779,-2.8011050633747563,-2.81736467531795,6.100448156797734,6.039415595312491,2.4473448817606176,-3.3417299955570665,7.243351383920536
114,30.196,-0.711698814233998,-1.8157720090482,-2.8011050633747563,-2.81736467531795,6.1362907075612165,6.078888899857017,2.4879300594769753,-3.3417299955570665,7.2410842709092815
115,30.396,-0.585723463402444,-1.6973520954146215,-2.8011050633747563,-2.8564947402529217,6.184125346543107,6.078888899857017,2.585501447666459,-3.3417299955570665,7.243351383920537
116,30.571,-0.3311370320535627,-1.4210389636029392,-2.8011050633747563,-2.81736467531795,6.29422247388829,6.197308813490595,2.7631313181168258,-3.3417299955570665,7.243351383920537
117,30.743,-0.3020066777293522,-1.4210389636029392,-2.8011050633747563,-2.81736467531795,6.301948968497317,6.197308813490595,2.7631313181168258,-3.3417299955570665,7.243351383920537
118,30.93,-0.0903159037756744,-1.1052525272467304,-2.8011050633747563,-2.7782346103829787,6.389360510174089,6.197308813490596,2.92102453629493,-3.3417299955570665,7.243351383920536
119,31.102,-0.06581494121674142,-1.1052525272467304,-2.8011050633747563,-2.7782346103829787,6.399074643714343,6.197308813490596,2.92102453629493,-3.3417299955570665,7.243351383920536
120,31.281,0.01973665227226304,-0.947359309068626,-2.8011050633747563,-2.7391045454480074,6.434148640757752,6.276255422579647,2.999971145383982,-3.3417299955570665,7.243351383920537
121,31.465,0.2834445393709964,-0.6710461772569434,-2.8011050633747563,-2.7391045454480074,6.537562482775389,6.315728727124173,3.1578643635620867,-3.3417299955570665,7.243351383920537
122,31.64,0.3903337379441436,-0.5131529590788391,-2.8011050633747563,-2.7391045454480074,6.578910191063545,6.355202031668699,3.1578643635620867,-3.3417299955570665,7.243351383920537
123,31.83,0.5017390930949711,-0.35525974090073476,-2.8011050633747563,-2.6999744805130357,6.62422715406588,6.3552020316687,3.276284277195665,-3.3417299955570665,7.243351383920538
124,32.008,0.52628462695115,-0.35525974090073476,-2.8011050633747563,-2.660844415578064,6.62906856065049,6.3552020316687,3.276284277195665,-3.3417299955570665,7.243351383920538
125,32.205,0.7320642831863221,-0.11841991363357825,-2.8011050633747563,-2.660844415578064,6.713214351331771,6.355202031668699,3.4341774953737696,-3.3417299955570665,7.243351383920537
126,32.398,0.8581480506868522,-0.0,-2.8011050633747563,-2.660844415578064,6.7614176069881795,6.394675336213226,3.5131241044628214,-3.3417299955570665,7.243351383920536
127,32.575,0.8813106696987584,-0.0,-2.8011050633747563,-2.621714350643092,6.770264407176626,6.394675336213226,3.5142359776346535,-2.920421429894152,7.2410842709092815
128,32.758,0.9662238094704594,0.11841991363357826,-2.8011050633747563,-2.621714350643092,6.802473794899756,6.3946753362132265,3.5142359776346535,-2.8187594481403395,7.2410842709092815
129,32.945,1.0855158749744673,0.23683982726715644,-3.482575779212466,-2.543454220773149,6.8486183384752755,6.394675336213225,3.5142359776346535,-3.423880681810009,7.2410842709092815
130,33.116,1.1841991363357827,0.35525974090073476,-3.482575779212466,-2.504324155838178,6.884445229053241,6.394675336213226,3.5142359776346535,-3.423880681810009,7.2410842709092815
131,33.306,1.389559581450914,0.5526262636233652,-3.482575779212466,-2.504324155838178,6.961513820509697,6.394675336213226,3.827798667647198,-3.3456205519400655,7.206145192387265
132,33.492,1.4134919588125505,0.5526262636233652,-3.482575779212466,-2.465194090903206,6.967038252108854,6.394675336213226,3.82891054081903,-3.32605551947258,7.20387807937601
133,33.695,1.5031814551674743,0.6710461772569434,-3.482575779212466,-2.465194090903206,7.004666064021476,6.394675336213225,3.888120497635819,-3.306490487005094,7.20387807937601
134,33.889,1.694428459241234,0.8684126999795737,-2.46232095442147,-2.504324155838178,7.069844960780225,6.394675336213225,3.888120497635819,-3.267360422070123,7.20387807937601
135,34.089,1.7951379076827463,0.9473593090686261,-2.3530737012911027,-2.504324155838178,7.106988511571422,6.3552020316687,3.888120497635819,-3.149970227265208,7.20387807937601
136,34.259,1.872876273227543,1.1052525272467304,-2.28432023789294,-2.504324155838178,7.130464334293703,6.276255422579648,3.888120497635819,-3.1108401623302364,7.20387807937601
137,34.463,1.8870487411220243,1.1052525272467304,-3.0717100973952656,-2.504324155838178,7.140071255794637,6.276255422579648,3.888120497635819,-3.1108401623302364,7.20387807937601
138,34.645,1.9477885776010306,1.1841991363357824,-2.9934499675253226,-2.465194090903206,7.159046582124757,6.276255422579648,3.888120497635819,-2.973884935057836,7.20387807937601
139,34.81,2.0348146377881093,1.3026190499693608,-2.954319902590351,-2.347803896098292,7.191957064307266,6.236782118035122,3.888120497635819,-2.9347548701228647,7.20387807937601
140,34.976,2.119055594212159,1.3815656590584127,-2.9151898376553795,-2.269543766228349,7.21510763702262,6.197308813490595,3.888120497635819,-2.9347548701228647,7.20387807937601
141,35.178,2.266833537174797,1.4605122681474654,-1.9476199290895417,-2.1912836363584054,7.265009420492986,6.276255422579648,3.888120497635819,-2.8760597727204074,7.20387807937601
142,35.359,2.325207481010816,1.499985572691991,-1.8636063613272433,-2.230413701293377,7.28705775707375,6.315728727124172,3.888120497635819,-2.7977996428504643,7.20387807937601
143,35.544,2.335729921049769,1.499985572691991,-1.8292135085381775,-2.230413701293377,7.291690762727994,6.315728727124172,3.888120497635819,-2.7195395129805213,7.20387807937601
144,35.732,2.384955907283519,1.5394588772365174,-1.7363596126901373,-2.1912836363584054,7.302561340737325,6.315728727124174,3.888120497635819,-2.6804094480455496,7.20387807937601
145,35.897,2.4434153798250633,1.5789321817810433,-1.661286682017931,-2.152153571423434,7.322297993009589,6.2762554225796485,3.888120497635819,-2.660844415578064,7.20387807937601
146,36.099,2.520311709240812,1.6184054863255695,-1.5751021408043455,-2.113023506488463,7.345971374995337,6.315728727124174,3.888120497635819,-2.543454220773149,7.20387807937601
147,36.265,2.5743947622446894,1.6578787908700956,-1.479344060449413,-1.9565032467485763,7.356137244656326,6.355202031668701,3.888120497635819,-2.4651940909032066,7.20387807937601
148,36.462,2.6052380999387217,1.6973520954146217,-1.3896104911295433,-1.79998298700869,7.361771297554115,6.394675336213225,3.888120497635819,-2.3869339610332636,7.20387807937601
149,36.657,2.609332636137051,1.6973520954146217,-1.252162077919089,-1.682592792203776,7.363842055931558,6.394675336213225,3.888120497635819,-2.3282388636308062,7.20387807937601
150,36.829,2.6691497263001063,1.7368253999591476,-1.2204512968415693,-1.604332662333833,7.371495068131612,6.473621945302278,3.888120497635819,-2.269543766228349,7.20387807937601
151,37.009,2.6861771664776226,1.7762987045036742,-1.1245905191726593,-1.486942467528918,7.377159236770783,6.513095249846804,3.888120497635819,-2.230413701293377,7.20387807937601
152,37.171,2.703921361300037,1.8157720090482,-1.041749611437404,-1.4086823376589752,7.381507949826378,6.513095249846804,3.888120497635819,-2.191283636358406,7.20387807937601
153,37.37,2.703921361300037,1.8157720090482,-0.9247188572314099,-1.3304222077890322,7.381507949826378,6.513095249846804,3.888120497635819,-2.073893441553491,7.20387807937601
154,37.565,2.7203284172050792,1.8157720090482001,-0.8258523918964441,-1.2521620779190892,7.381507949826378,6.55256855439133,3.888120497635819,-2.0347633766185194,7.20387807937601
155,37.76,2.731903703562757,1.855245313592726,-0.7393502055024171,-1.173901948049146,7.3766460645376295,6.55256855439133,3.888120497635819,-1.9565032467485766,7.20387807937601
156,37.932,2.7361427953197204,1.8552453135927265,-0.6847761363620017,-1.0956418181792027,7.377631451595656,6.592041858935857,3.888120497635819,-1.917373181813605,7.20387807937601
157,38.109,2.736914962928761,1.894718618137252,-0.586950974024573,-1.0565117532442312,7.369196634749319,6.592041858935856,3.888120497635819,-1.8391130519436618,7.20387807937601
158,38.297,2.728776484977625,1.9736652272263042,-0.5478209090896015,-1.0565117532442312,7.351301861219994,6.592041858935856,3.888120497635819,-1.7608529220737186,7.20387807937601
159,38.479,2.722818386702563,1.973665227226304,-0.4212094508133779,-0.8999914935043452,7.344134314771021,6.6315151634803815,3.888120497635819,-1.682592792203776,7.20387807937601
160,38.69,2.7120285188801354,2.01313853177083,-0.3521705844147438,-0.8999914935043452,7.332619259896109,6.592041858935856,3.888120497635819,-1.6434627272688045,7.20387807937601
161,38.885,2.687317950761182,2.0526118363153563,-0.2739104545448007,-0.7826012986994307,7.3183359660733425,6.592041858935856,3.888120497635819,-1.6043326623338325,7.20387807937601
162,39.057,2.685176119234077,2.0526118363153563,-0.1245527353774231,-0.665211103894516,7.317401173460837,6.592041858935856,3.888120497635819,-1.4869424675289182,7.20387807937601
163,39.243,2.6597126575805676,2.052611836315356,-0.06634604729376474,-0.586950974024573,7.307860506590945,6.6315151634803815,3.888120497635819,-1.4478124025939465,7.20387807937601
164,39.425,2.6361597385603477,2.0920851408598824,0.058695097402457305,-0.5086908441546298,7.2882431126545555,6.592041858935856,3.888120497635819,-1.3499872402565178,7.20387807937601
165,39.619,2.6085640824169753,2.0920851408598824,0.16304153917744346,-0.39130064934971526,7.274246520689745,6.592041858935856,3.888120497635819,-1.2717271103865748,7.20387807937601
166,39.803,2.5773834484194627,2.1315584454044085,0.19565032467485763,-0.3521705844147438,7.249667257203219,6.592041858935857,3.888120497635819,-1.2521620779190892,7.20387807937601
167,39.981,2.5395809652068233,2.1315584454044085,0.28366908768226984,-0.23478038960982917,7.2386545328945635,6.592041858935857,3.888120497635819,-1.15433691558166,7.20387807937601
168,40.188,2.503442075548139,2.1315584454044085,0.35095612896922174,-0.19565032467485766,7.223458129793086,6.592041858935857,3.888120497635819,-1.1152068506466886,7.20387807937601
169,40.375,2.4634218691401104,2.1315584454044085,0.410865681817201,-0.19565032467485766,7.213923486071469,6.592041858935857,3.888120497635819,-1.076076785711717,7.20387807937601
170,40.574,2.427735920231815,2.1710317499489347,0.5797884334520644,-0.07826012986994306,7.198275346849258,6.55256855439133,3.888120497635819,-0.9586865909068025,7.20387807937601
171,40.755,3.888120497635819,2.1710317499489347,0.6703519403674485,0.07826012986994306,7.20387807937601,6.55256855439133,3.888120497635819,-0.8999914935043453,7.20387807937601
172,40.951,3.888120497635819,2.1710317499489347,0.713152837199701,0.07826012986994306,7.20387807937601,6.55256855439133,3.888120497635819,-0.8804264610368595,7.20387807937601
173,41.118,3.888120497635819,2.1710317499489347,0.8204130167200891,0.1173901948049146,7.20387807937601,6.55256855439133,2.2648760139849515,-0.8804264610368595,7.148362721711995
174,41.292,2.2648760139849515,2.1710317499489347,0.8621391742200213,0.19565032467485766,7.148362721711995,6.5130952498468035,2.1264026304797694,-0.8804264610368595,7.105893503214763
175,41.466,2.1264026304797694,2.1710317499489347,0.903613365054265,0.19565032467485766,7.105893503214763,6.5130952498468035,2.1081753791655844,-0.8804264610368595,7.101548404048134
176,41.643,2.1081753791655844,2.1710317499489347,0.9641116362253931,0.23478038960982917,7.101548404048134,6.5130952498468035,2.0388766489857457,-0.8804264610368595,7.078906185047313
177,41.843,2.0388766489857457,2.0920851408598824,1.0466169864580017,0.4304307142846868,7.078906185047313,6.55256855439133,1.8964870144712171,-0.8804264610368595,7.011831201211138
178,42.011,1.838638289164905,2.249978359037987,1.1152068506466888,0.5478209090896015,6.924435319719886,6.434148640757752,1.8964870144712171,-0.8804264610368595,7.011831201211138
179,42.206,1.8334282659057781,2.249978359037987,1.1946694944140168,0.5869509740245729,6.916667867702579,6.434148640757752,1.8964870144712171,-0.8804264610368595,7.011831201211138
180,42.391,1.790713302958868,2.289451663582513,1.2573793403000975,0.665211103894516,6.879564069690007,6.3946753362132265,1.8964870144712171,-0.8804264610368595,7.011831201211138
181,42.57,1.7222108329811758,2.407871577216091,1.3584573803500162,0.7043411688294875,6.848618338475276,6.236782118035121,1.8964870144712171,-0.8804264610368595,7.011831201211138
182,42.752,1.6608096548214148,2.289451663582513,1.406319105282684,0.743471233764459,6.817735248002618,6.3552020316687,1.8964870144712171,-0.8804264610368595,7.011831201211138
183,42.931,1.4899341428482558,2.289451663582513,1.4708810852847969,0.743471233764459,6.747605323360631,6.3552020316687,1.8964870144712171,-0.8804264610368595,7.011831201211138
184,43.132,1.422088196032696,2.2499783590379865,1.5104756764422935,0.7826012986994305,6.717237814380437,6.355202031668701,1.8964870144712171,-0.8804264610368595,7.011831201211138
185,43.323,1.402229876165249,2.2499783590379865,1.5605609176380506,0.821731363634402,6.708077810481616,6.355202031668701,1.8964870144712171,-0.8804264610368595,7.011831201211138
186,43.489,1.3344405469434881,2.171031749948934,1.6119740589866307,0.8608614285693738,6.682021671037705,6.394675336213226,1.8964870144712171,-0.8804264610368595,7.011831201211138
187,43.679,1.1889995855121112,2.0526118363153563,1.6533586882098474,0.8608614285693738,6.6117785112081195,6.394675336213226,1.8964870144712171,-0.8804264610368595,7.011831201211138
188,43.854,1.0952709659230015,2.0131385317708306,1.721722857138747,0.8999914935043452,6.572305206663593,6.434148640757752,1.8964870144712171,-0.8804264610368595,7.011831201211138
189,44.047,1.0127586530542925,2.0131385317708306,1.756626808188072,0.9391215584393168,6.537305896658813,6.434148640757752,1.8964870144712171,-0.8804264610368595,7.011831201211138
190,44.219,0.9356250115964512,1.934191922681778,1.7931082377462808,0.9391215584393168,6.506986572864831,6.434148640757752,2.960497840839456,-0.8804264610368595,6.80914503393075
191,44.419,0.8289393954350478,1.855245313592726,1.8532052729000095,0.9782516233742883,6.458544800536675,6.473621945302278,2.8815512317504037,-0.8804264610368595,6.80914503393075
192,44.607,0.752494802140032,1.8157720090481997,1.8782431168786333,1.0173816883092597,6.428311005448219,6.473621945302277,2.8815512317504037,-0.8804264610368595,6.80914503393075
193,44.78,0.7352276406611122,1.8157720090481997,1.9074390079185237,1.0173816883092597,6.419383495072869,6.473621945302277,2.802604622661352,-0.8804264610368595,6.809145033930749
194,44.966,0.6722146680225742,1.7762987045036736,1.9325126765415581,1.0173816883092597,6.400176879848933,6.473621945302278,2.7631313181168258,-0.8804264610368595,6.80914503393075
195,45.157,0.5723629158956282,1.7368253999591476,1.9491783011214066,1.0565117532442312,6.360387962334721,6.473621945302278,2.7631313181168258,-0.8804264610368595,6.80914503393075
196,45.344,0.4835600269669974,1.6973520954146217,1.9760682792160622,1.0956418181792027,6.318257244770627,6.513095249846804,2.7631313181168258,-0.8804264610368595,6.80914503393075
197,45.519,0.39838668718975384,1.6578787908700954,2.0081158119510425,1.0956418181792027,6.288904033960188,6.5130952498468035,2.7631313181168258,-0.8804264610368595,6.80914503393075
198,45.694,0.3015224166079258,1.6184054863255695,2.0158145280348974,1.0956418181792027,6.247934579383791,6.552568554391329,2.7631313181168258,-0.8804264610368595,6.80914503393075
199,45.91,0.20503158121923745,1.5789321817810433,2.0202854436573503,1.1347718831141742,6.210092343392528,6.55256855439133,2.7631313181168258,-0.8804264610368595,6.80914503393075
200,46.09,0.03428737387850482,1.421038963602939,2.0293789325635947,1.1347718831141742,6.138098856673807,6.55256855439133,2.7631313181168258,-0.8804264610368595,6.80914503393075
201,46.258,-0.05920995681678912,1.421038963602939,2.0347633766185194,1.173901948049146,6.09862555212928,6.592041858935856,2.7631313181168258,-0.8804264610368595,6.80914503393075
202,46.456,-0.1630791488441256,1.302619049969361,2.032648528443476,1.173901948049146,6.059152247584754,6.592041858935857,2.7631313181168258,-0.8804264610368595,6.80914503393075
203,46.643,-0.24799228861582662,1.2631457454248345,2.0273691700121557,1.2130320129841174,6.025151575564208,6.631515163480382,2.7631313181168258,-0.8804264610368595,6.80914503393075
204,46.846,-0.25657647953941953,1.2631457454248345,2.0067664170115735,1.2130320129841172,6.019678943040227,6.631515163480382,2.7631313181168258,-0.8804264610368595,6.80914503393075
205,47.033,-0.3257728161985586,1.1841991363357827,2.007491268983483,1.2130320129841172,5.993363808220429,6.631515163480383,2.7631313181168258,-0.8804264610368595,6.80914503393075
206,47.269,-0.41900633299934414,1.1447258317912563,1.9845133420584729,1.2130320129841172,5.951743853630178,6.6315151634803815,2.7631313181168258,-0.8804264610368595,6.80914503393075
207,47.427,-0.5235573454115744,1.0657792227022043,1.9654223890520222,1.2130320129841174,5.919665770539473,6.670988468024909,2.7631313181168258,-0.8804264610368595,6.80914503393075
208,47.623,-0.6034411563724419,0.986832613613152,1.9247291754659308,1.2130320129841174,5.892863965338938,6.670988468024907,1.9341919226817785,-0.8804264610368595,6.80914503393075
209,47.817,-0.7894660908905216,0.8684126999795738,1.9019578373236894,1.2130320129841174,5.822312420317597,6.710461772569434,1.8157720090482,-0.8804264610368595,6.809145033930749
210,47.999,-0.8082498811054506,0.8684126999795738,1.852761047309317,1.2130320129841174,5.8101757765405555,6.710461772569434,1.7762987045036738,-0.8804264610368595,6.80914503393075
211,48.175,-0.8831778456644573,0.7499927863459955,1.8102252528457037,1.2130320129841172,5.777867609185693,6.710461772569435,1.7368253999591476,-0.8804264610368595,6.80914503393075
212,48.36,-0.9670959613408893,0.6710461772569434,1.7821578381047498,1.2130320129841174,5.75312090217708,6.74993507711396,1.6973520954146215,-0.8804264610368595,6.80914503393075
213,48.582,-1.0681957097907149,0.6315728727124174,1.7384864024133175,1.252162077919089,5.704832117815145,6.74993507711396,1.6184054863255695,-0.8804264610368595,6.80914503393075
214,48.775,-1.1491420041075475,0.47367965453431304,1.6649981151788773,1.2130320129841172,5.679807141356161,6.789408381658487,1.578932181781043,-0.8804264610368595,6.80914503393075
215,48.944,-1.322556875394057,0.3157864363562087,1.5986269906340254,1.2130320129841174,5.611297443600537,6.789408381658486,1.578932181781043,-0.8804264610368595,6.80914503393075
216,49.127,-1.3965151130805555,0.2368398272671565,1.531778204163697,1.2130320129841174,5.590259791300562,6.789408381658486,1.578932181781043,-0.8804264610368595,6.80914503393075
217,49.304,-1.4802489204197278,0.15789321817810434,1.4711832064526607,1.2130320129841174,5.560935491601849,6.789408381658487,1.3815656590584129,-0.8804264610368595,6.8486183384752755
218,49.497,-1.5540854905110422,0.07894660908905218,1.3810376537220672,1.2130320129841174,5.531525663197612,6.789408381658487,1.342092354513887,-0.8804264610368595,6.8486183384752755
219,49.69,-1.647951437880855,-0.07894660908905217,1.3007785086940082,1.2130320129841174,5.496716684678367,6.828881686203013,1.3026190499693608,-0.8804264610368595,6.848618338475276
220,49.878,-1.7246044321062355,-0.19736652272263044,1.2453303182299724,1.1739019480491462,5.467946514621087,6.789408381658487,1.2434090931525716,-0.8804264610368595,6.8486183384752755
221,50.054,-1.7795463860543344,-0.31578643635620873,1.138640944710528,1.1739019480491462,5.448565228097134,6.8288816862030135,1.2236724408803086,-0.8804264610368595,6.848618338475275
222,50.249,-1.855245313592726,-0.35525974090073476,1.057370350555274,1.1347718831141744,5.4213887830738035,6.789408381658486,1.1841991363357824,-0.8804264610368595,6.8486183384752755
223,50.43,-1.9214722381515765,-0.47367965453431304,1.0135388981188074,1.1347718831141744,5.402984451200291,6.789408381658487,1.1447258317912563,-0.919556525971831,6.868354990747539
224,50.606,-1.9860753219350966,-0.5920995681678913,0.9090169155862089,1.0565117532442316,5.377542672880577,6.789408381658486,1.1052525272467304,-0.9978166558417739,6.868354990747539
225,50.782,-2.057379760490992,-0.7105194818014695,0.7871558051588414,1.0565117532442316,5.359181707674654,6.789408381658486,1.0657792227022043,-1.076076785711717,6.868354990747537
226,50.978,-2.0668144199512195,-0.7105194818014695,0.7228947521697784,1.01738168830926,5.355867771492953,6.789408381658486,1.0657792227022043,-1.15433691558166,6.868354990747537
227,51.164,-2.126849548081882,-0.8684126999795739,0.582396467565162,0.9391215584393167,5.333605010833548,6.749935077113961,1.0263059181576781,-1.2717271103865746,6.888091643019801
228,51.34,-2.1747588741024,-0.947359309068626,0.4859003995353693,0.9391215584393167,5.318236345691364,6.74993507711396,1.0263059181576781,-1.3108571753215463,6.888091643019801
229,51.528,-2.235762524475916,-1.0657792227022043,0.38944493276924214,0.8608614285693736,5.294554531298029,6.74993507711396,0.9868326136131523,-1.3499872402565178,6.907828295292066
230,51.743,-2.2810204606251423,-1.1841991363357824,0.289057114201636,0.8217313636344021,5.284756073681904,6.710461772569435,0.947359309068626,-1.4282473701264609,6.907828295292066
231,51.937,-2.3347445339917425,-1.3026190499693606,0.22811461743981543,0.7826012986994307,5.267467228869188,6.710461772569434,0.947359309068626,-1.5456375649313754,6.907828295292066
232,52.117,-2.3858894952663685,-1.421038963602939,0.04678340313590636,0.7043411688294875,5.250895138701371,6.670988468024908,0.9078860045241,-1.5847676298663471,6.907828295292066
233,52.31,-2.431750950872895,-1.5394588772365172,-0.09333036361870224,0.6260810389595445,5.2422579440729455,6.670988468024908,0.9078860045240998,-1.682592792203776,6.927564947564328
234,52.48,-2.4776919120366703,-1.6578787908700956,-0.15373549071436263,0.586950974024573,5.230156234555908,6.592041858935856,0.8881493522518369,-1.7217228571387473,6.927564947564328
235,52.654,-2.546483493131632,-1.8947186181372517,-0.32368163302455766,0.4695607792196583,5.208542769280704,6.55256855439133,0.8684126999795738,-1.8195480194761764,6.947301599836591
236,52.846,-2.5876143680818364,-2.01313853177083,-0.38672464810365786,0.3913006493497153,5.195965231049826,6.473621945302278,0.8486760477073108,-1.8782431168786335,6.967038252108854
237,53.027,-2.6052380999387212,-2.1315584454044085,-0.4499957467521727,0.3913006493497153,5.198759971850097,6.473621945302279,0.8486760477073108,-1.995633311683548,6.967038252108854
238,53.215,-2.618142092806183,-2.1315584454044085,-0.638447706210111,0.19565032467485766,5.191717706885275,6.473621945302279,0.8486760477073108,-2.073893441553491,6.967038252108854
239,53.419,-2.6297149699045486,-2.249978359037987,-0.705319181621899,0.19565032467485766,5.1907395476051805,6.3946753362132265,0.8486760477073108,-2.1130235064884624,6.967038252108854
240,53.64,-2.6842027784726032,-2.4868181863051437,-0.871502542114159,0.0,5.1798352399655,6.3552020316687,0.8486760477073109,-2.230413701293377,7.00651155665338
241,53.808,-2.6874878035425773,-2.4868181863051437,-1.0777211368901674,-0.23478038960982914,5.180408643681417,6.3552020316687,0.8486760477073109,-2.3086738311633197,7.00651155665338
242,53.992,0.8486760477073109,-2.5657647953941956,-1.1178316029271775,-0.23478038960982914,7.00651155665338,6.315728727124174,0.8486760477073109,-2.3673689285657775,7.00651155665338
243,54.18,-2.726688861785008,-2.6052380999387217,-1.1783131559309141,-0.35217058441474375,5.173074858340015,6.276255422579648,0.8486760477073109,-2.465194090903206,7.00651155665338
244,54.39,0.8486760477073109,-2.684184709027774,-1.3385257423547277,-0.5086908441546298,7.00651155665338,6.236782118035122,0.8684126999795738,-2.543454220773149,7.026248208925643
245,54.59,0.8684126999795738,-2.763131318116826,-1.5240556049835683,-0.743471233764459,7.026248208925643,6.197308813490595,0.8881493522518368,-2.6217143506430927,7.026248208925643
246,54.763,0.8881493522518368,-2.8815512317504037,-1.6053632179380464,-0.743471233764459,7.026248208925643,6.157835508946069,0.8881493522518368,-2.6608444155780644,7.026248208925643
247,54.94,0.8881493522518368,-2.9210245362949303,-1.687511515881362,-0.8608614285693736,7.026248208925643,6.118362204401544,0.9276226567963629,-2.739104545448007,7.026248208925644
248,55.126,0.9276226567963629,-2.9210245362949303,-1.7897419153264909,-1.0956418181792027,7.026248208925644,6.078888899857017,0.9473593090686262,-2.81736467531795,7.06572151347017
249,55.317,0.9473593090686262,-3.0394444499285087,-1.8932643902800315,-1.252162077919089,7.06572151347017,6.03941559531249,0.9670959613408889,-2.8564947402529213,7.0657215134701685
250,55.492,0.9670959613408889,-2.9604978408394564,-1.9792936913678372,-1.2521620779190892,7.0657215134701685,6.078888899857017,1.0263059181576784,-2.9347548701228647,7.085458165742432
251,55.667,-2.5678126658081877,-1.9341919226817783,-2.069299527985228,-1.2912921428540607,5.292309101620569,6.631515163480382,1.065779222702204,-3.0130149999928073,7.085458165742431
252,55.842,-2.5460281431219323,-1.3420923545138868,-2.186508211258462,-1.2521620779190892,5.309159461238759,6.828881686203013,1.1052525272467306,-3.091275129862751,7.085458165742433
253,56.032,-2.5065548385774066,-0.7499927863459955,-2.23500761486164,-1.1739019480491462,5.328896113511021,6.907828295292064,1.1447258317912565,-3.130405194797722,7.105194818014695
254,56.208,-2.496588937439196,-0.7499927863459955,-2.3550810755329143,-1.0173816883092597,5.332942464523138,6.907828295292064,1.1447258317912563,-3.169535259732694,7.124931470286958
255,56.376,-2.4521899022341915,-0.15789321817810434,-2.4279901976827154,-0.9391215584393167,5.3505168065641575,6.986774904381117,1.1841991363357827,-3.2282303571351507,7.124931470286958
256,56.557,-2.403968577132953,0.47367965453431304,-2.4787059526201007,-0.9391215584393168,5.384927052667502,6.986774904381117,1.2236724408803088,-3.247795389602637,7.124931470286959
257,56.768,-2.3547678881219642,0.9078860045241001,-2.596908172698324,-1.4869424675289182,5.4058912225585045,6.868354990747539,1.2631457454248347,-3.32605551947258,7.124931470286959
258,56.968,-2.298179205435085,1.7762987045036738,-2.6732373542345322,-1.721722857138747,5.435309483370329,6.710461772569435,1.3124656927716973,-3.404315649342523,7.134702221421012
259,57.151,-2.1747913991030936,-0.0,-2.7047773711736944,-1.9565032467485763,5.490548980843284,6.907828295292065,1.421038963602939,-3.404315649342523,7.144668122559221
260,57.361,-2.166214435957432,-0.0,-2.7977996428504643,-2.1912836363584063,5.496826305976998,6.907828295292065,1.440775615875202,-3.482575779212466,7.144668122559221
261,57.537,-2.033805158136977,-1.0263059181576781,-2.870502176217497,-2.191283636358406,5.558156410987096,6.710461772569434,1.5394588772365174,-3.5217058441474376,7.184141427103748
262,57.726,-2.0177329892761047,-1.0263059181576781,-2.878978287085064,-1.8782431168786333,5.567607935262497,6.710461772569434,1.5591955295087805,-3.5217058441474376,7.184141427103748
263,57.897,-1.9660122150262502,-1.8157720090481997,-2.954319902590351,0.5478209090896015,5.594537431206495,6.434148640757751,1.5986688340533066,-3.5999659740173806,7.184141427103748
264,58.067,-1.8742314815897438,-2.7236580135722996,-2.9621165393689277,0.5478209090896015,5.62886817175259,5.999942290767964,1.6776154431423587,-3.5999659740173806,7.1841414271037465
265,58.237,-1.7867669362081395,-3.5131241044628214,-3.0277484820841067,1.0956418181792027,5.672822698614793,5.5262626362336515,1.7368253999591476,-3.6390960389523523,7.184141427103748
266,58.414,-1.6867284664846234,-3.552597409007347,-3.0677108729242195,0.7826012986994307,5.715809907863798,5.407842722600074,1.7960353567759368,-3.6782261038873236,7.184141427103747
267,58.615,-1.4763423064476244,-3.3552308862847173,-3.0984185639582407,0.7043411688294876,5.810416702471614,5.368369418055547,1.953928574954041,-3.6782261038873236,7.20387807937601
268,58.804,-1.391153306484862,-3.4736507999182957,-3.1149898503078073,-0.4304307142846868,5.85163672001631,5.368369418055547,2.032875184043093,-3.717356168822296,7.203878079376011
269,59.001,-1.3709239606835857,-3.4736507999182957,-3.130405194797722,-1.0956418181792027,5.85896086832047,5.368369418055547,2.032875184043093,-3.717356168822296,7.203878079376011
